NAME,Description,Location
Crispr Benchling,This site provides a fast CRISPR gRNA designing tool with respect to specified gene or genome coordinates. The result also provide annotation on the exon and CDS information.,https://bioinformaticssoftwareandtools.co.in/click_me.php?id=1044
Cas-OFFinder,This tool identifies the possible off-target sites of Cas9 RNA-guided endonucleases.,https://bioinformaticssoftwareandtools.co.in/click_me.php?id=1045
CCTop,It's an online tool for CRISPR/Cas9 target prediction. Please go through the paper at doi: 10.1371/journal.pone.0124633 for detail.,https://bioinformaticssoftwareandtools.co.in/click_me.php?id=1045
Genome Engineering Software Tools,"This page of Omictools provide a range of tools related to Crisp Cas, viz. pgRNADesign, MAGESTIC, ProtospacerWB etc.",https://bioinformaticssoftwareandtools.co.in/click_me.php?id=1047
CHOPCHOP v.2,"""CHOPCHOP is a web tool for selecting target sites for CRISPR/Cas9, CRISPR/Cpf1 or TALEN-directed mutagenesis"". Please refer to doi:10.1093/nar/gkw398",https://bioinformaticssoftwareandtools.co.in/click_me.php?id=1048
CRISPOR,"This tool is used for designing, evaluating and cloning guide sequences for the CRISPR/Cas9 system.",https://bioinformaticssoftwareandtools.co.in/click_me.php?id=1049
CRISPR LifePipe,"To ""design both gRNA and donor template sequences required for genome editing"".",https://bioinformaticssoftwareandtools.co.in/click_me.php?id=1050
sgRNA Designer,"""This tool ranks and picks candidate sgRNA sequences for the targets provided, while attempting to maximize on-target activity and minimizing off-target activity""",https://bioinformaticssoftwareandtools.co.in/click_me.php?id=1051
DESKGEN,This fully user customezable biocomputational tool-set is provided by Desktop Genetics group.,https://bioinformaticssoftwareandtools.co.in/click_me.php?id=1052
CRISPR-Cas9 (CRISPR-associated protein 9),The foundational CRISPR-Cas9 system is a powerful tool for genome editing in a wide range of organisms.,https://www.addgene.org/guides/crispr/
CRISPR-Cas12 (Cpf1)," CRISPR-Cas12, or Cpf1, is another genome editing system with distinct properties from Cas9.",https://www.ncbi.nlm.nih.gov/pmc/articles/PMC5428715/
CRISPR-CasX:,CasX is a recently discovered Cas protein with potential applications in genome editing,https://www.nature.com/articles/s41586-019-1711-4
CRISPR-CasY:,CasY is another recently identified Cas protein with genome editing potential,https://www.nature.com/articles/s41586-019-1712-3
CRISPR-Cas3,Cas3 is used for DNA degradation and may have applications in genome engineering,https://www.nature.com/articles/ncomms11328
CRISPR-Cas14,Cas14 is a compact system for genome editing and nucleic acid detection.,https://pubmed.ncbi.nlm.nih.gov/30037058/
CRISPR-CasPhi:,CasPhi is a giant CRISPR-Cas system found in bacteriophages and has applications in genome editing.,https://pubs.acs.org/doi/10.1021/acsnano.9b00647
"CRISPR-Cas Transposase:
",This system utilizes a transposase for precise genome integration and editing,https://pubmed.ncbi.nlm.nih.gov/31289309/
CRISPR-Cas9 Nickase (D10A):,"Cas9 nickases introduce single-strand breaks instead of double-strand breaks, reducing off-target effects",https://www.nature.com/articles/nprot.2015.010
Prime Editing:,"Prime editing is a newer, highly precise genome editing technique.",https://www.nature.com/articles/s41586-019-1711-4
CRISPR-Cas9 Base Editors,Base editors allow the direct conversion of one DNA base to another without causing double-strand breaks.,https://www.nature.com/articles/nature25508
CRISPR-Cas9 Delivery Systems:,Various delivery systems are available to efficiently introduce CRISPR components into cells or organisms,https://www.nature.com/articles/nbt.4169
Synthetic Guide RNA (sgRNA) Design Tools:,Tools for designing custom sgRNAs to target specific genomic regions.,https://www.benchling.com/solutions
"CRISPR-Cas9 Libraries:
",Libraries of pre-designed sgRNAs for genome-wide screening and functional analysis,https://www.addgene.org/crispr/libraries/
CRISPR Visualization Tools,Tools for visualizing CRISPR experimental results and genomic changes.,https://www.ncbi.nlm.nih.gov/pmc/articles/PMC5717600/
"CRISPR-Cas9 Safety and Ethics Resources:
", Resources and guidelines for safe and ethical use of CRISPR technologies.,https://www.ncbi.nlm.nih.gov/pmc/articles/PMC6071569/
The Broad Institute - CRISPR-Cas9 Resources:,"he Broad Institute provides extensive resources, protocols, and information on CRISPR-Cas9 technology.",https://www.broadinstitute.org/
UC Berkeley Innovative Genomics Institute:," This institute offers tools, resources, and research updates related to CRISPR technology.",https://innovativegenomics.org/
CRISPRweb,"CRISPRweb is a portal for information and resources on CRISPR technology, including tools for designing sgRNAs",https://crispr.dbcls.jp/
CRISPR Therapeutics:,CRISPR Therapeutics is a biopharmaceutical company focused on developing CRISPR-based therapies.,https://www.crisprtx.com/
Editas Medicine,Editas Medicine is a leading genome editing company that applies CRISPR technology for therapeutic purposes.,https://www.editasmedicine.com/
Addgene - CRISPR Resources,Addgene offers a comprehensive collection of CRISPR plasmids and resources for genome editing research.,https://www.addgene.org/crispr/
GEN CRISPR Gene Editing Hub,"GEN's hub provides articles, news, and resources related to CRISPR-Cas9 gene editing",https://www.genengnews.com/topics/gene-editing/
EMBO CRISPR-Cas Course,The European Molecular Biology Organization offers a CRISPR-Cas course covering the fundamentals and applications.,https://www.embl.org/sites/heidelberg/
MEGAN4-MEtaGenome ANalyzer,"It is a ""stand-alone analysis tool for metagenomic of short-read data"".",https://bioinformaticssoftwareandtools.co.in/click_me.php?id=162
MG-RAST,"""MG-RAST (the Metagenomics RAST) server is an automated analysis platform for metagenomes providing quantitative insights into microbial populations based on sequence data"". Its works the best in Firefox browser.",https://bioinformaticssoftwareandtools.co.in/click_me.php?id=163
IMG/M,"The Integrated Microbial Genomes (IMG) system serves as a community resource for analysis and annotation of genome and metagenome datasets in a comprehensive comparative context. The IMG data warehouse integrates genome and metagenome datasets provided by IMG users with a comprehensive set of publicly available isolate and single cell genomes, and a rich set of publicly available metagenome samples.",https://bioinformaticssoftwareandtools.co.in/click_me.php?id=164
CAMERA,"CAMERA (Community Cyberinfrastructure for Advanced Microbial Ecology Research and Analysis) aims at serving the"" needs of the microbial ecology research community, and other scientists using metagenomics data, by creating a rich, distinctive data repository and a bioinformatics tools resource that will address many of the unique challenges of metagenomic analysis"".",https://bioinformaticssoftwareandtools.co.in/click_me.php?id=165
CARMA,"""CARMA is a software pipeline for characterizing the taxonomic composition and genetic diversity of short-read metagenomes. The software was originally designed for the analysis of environmental metagenomes obtained by the ultra-fast 454 pyrosequencing system"".",https://bioinformaticssoftwareandtools.co.in/click_me.php?id=166
Terragenome,Its an international soil metagenome sequencing consortium.,https://bioinformaticssoftwareandtools.co.in/click_me.php?id=167
QIIME,QIIME (Quantitative Insights Into Microbial Ecology) is a widely used bioinformatics pipeline for microbial community analysis,https://qiime2.org/
Mothur,Mothur is a comprehensive software package for analyzing 16S rRNA gene sequences for microbial ecology studies.,https://mothur.org/
MetaPhlAn,MetaPhlAn is a tool for profiling the composition of microbial communities using metagenomic shotgun sequencing data.,https://huttenhower.sph.harvard.edu/metaphlan
Kraken, Kraken is a taxonomic sequence classifier that can rapidly analyze metagenomic data to assign taxonomic labels,https://ccb.jhu.edu/software/kraken/
MetaBAT,"MetaBAT is a tool for metagenomic binning, which groups contigs into genome bins for individual microorganisms.",https://bitbucket.org/berkeleylab/metabat/
MaxBin,MaxBin is another metagenomic binning tool designed to recover high-quality genomes from complex microbial communities,https://sourceforge.net/projects/maxbin/
MG-RAST,MG-RAST (Metagenomics Rapid Annotation using Subsystem Technology) is a web-based platform for metagenomic analysis and annotation.,https://www.mg-rast.org/
MetaGeneMark, MetaGeneMark is a tool for predicting genes in metagenomic sequences and annotating their functions,http://exon.gatech.edu/GeneMark/meta_gmhmmp.cgi
CAMERA,CAMERA (Community Cyberinfrastructure for Advanced Microbial Ecology Research and Analysis) is a data repository and analysis platform for metagenomic and environmental data.,https://camera.calit2.net/
MetaVelvet," MetaVelvet is a metagenome assembler, which can assemble metagenomic sequencing data into contigs and scaffolds.",https://metavelvet.dna.bio.keio.ac.jp/
MetaPhlAn2,"An improved version of MetaPhlAn, MetaPhlAn2 provides even more accurate taxonomic profiling of metagenomic data.",https://huttenhower.sph.harvard.edu/metaphlan2/
Anvi'o,Anvi'o is an analysis and visualization platform designed for metagenomics and microbial ecology studies.,https://anvio.org/
DIAMOND,DIAMOND is a fast and sensitive tool for aligning metagenomic sequencing reads to protein databases for functional analysis.,https://uni-tuebingen.de/fakultaeten/mathematisch-naturwissenschaftliche-fakultaet/fachbereiche/informatik/lehrstuehle/algorithms-in-bioinformatics/software/diamond/
HUMAnN,HUMAnN (HMP Unified Metabolic Analysis Network) is a tool for characterizing microbial metabolic pathways from metagenomic data.,https://huttenhower.sph.harvard.edu/humann
MetaPhyler,MetaPhyler is a tool for taxonomic profiling of metagenomic data based on k-mer frequencies.,https://www.cbcb.umd.edu/software/metaphyler
 CONCOCT,CONCOCT is a metagenomic binning tool that uses a combination of sequence composition and coverage to group contigs.,https://github.com/BinPro/CONCOCT
MetaStorm,"MetaStorm is a metagenomic analysis and visualization platform that includes tools for taxonomy, functional analysis, and more.",http://bench.cs.vt.edu/MetaStorm/
METAGENassist,"METAGENassist is a web-based tool for metagenomic data analysis and visualization, offering various modules for different tasks.",https://meta.genouest.org/
MetaPhinder,"MetaPhinder is a tool for identifying phage sequences in metagenomic data, helping to characterize viral communities.",https://cge.cbs.dtu.dk/services/MetaPhinder-2.0/
MetaPathways," MetaPathways is a modular pipeline for functional annotation of metagenomic sequences, including the reconstruction of metabolic pathways.",https://github.com/hallamlab/MetaPathways
MetaCompass,MetaCompass is a metagenomic assembly and analysis tool designed to handle complex microbial communities.,https://github.com/marbl/MetaCompass
MetaGOmics,"MetaGOmics is a comprehensive metagenomics analysis platform that integrates functional, taxonomic, and statistical analysis tools.",https://www.metahit.eu/tools/metagomics/
STRAND NGS,"offers many different tools including alignment, RNA-Seq, DNA-Seq, ChIP-Seq, Small RNA-Seq, Genome Browser, visualizations, Biological Interpretation, etc. Supports workflows one can import the sample data in FASTA, FASTQ or tag-count format. In addition, prealigned data in SAM, BAM or Illumina-specific ELAND format can be directly imported for analysis",http://www.strand-ngs.com/
CGL GENOMICS INCLUDE,"(QIAGEN). Features include: resequencing, workflow, read mapping, de novo assembly, variant detection, RNA-Seq, ChIP-Seq, Genome Browser, etc (entire list on website); Main Workbench offers database search (Genbank, Blast, Pubmed); 2000 organizations have invested in CLC",http://www.clcbio.com/desktop-applications/top-features/
DNAnexus,"Private cloud repository -- formerly a redistributor of SRA and other NCBI resources; command-line or via web, can fetch data from a URL, build custom pipeline/ workflow has sra.dnanexus.com site: data downloads come directly from NCBI",https://www.dnanexus.com/product-overview
ingenuint varaiant analysis,"(QIAGEN) allows for variant identification and analysis, uses NCI-60 data set for cancer, Supported third part informatin: Entrez Gene, RefSeq, ClinVar; gives contextual details of results instead of just A to B relationship",http://www.ingenuity.com/products/variant-analysis
Laser gene genomic suite,"Supported workflows include: reference-guided and de novo genome and transcriptome assembly and analysis, metagenomics sample assembly, targeted resequencing, exome alignment, gene panels with validation control, variant analysis, and RNA-Seq, ChIP-Seq and miRNA alignment and analysis.",http://www.dnastar.com/t-products-dnastar-lasergene-genomics.aspx
NextGne,"perfect analytical partner for the analysis of desktop sequencing data produced by the ION PGM, Roche Junior, Illumina MiSeq as well as high throughput systems as the Ion Torrent Proton, Roche FLX, Applied BioSystems SOLiD and Illumina® platforms. runs on Windows, free-standing multi-application package-- SNP/Indel analysis, CNV prediction and disease discovery, whole genome alignment, etc.",http://www.softgenetics.com/NextGENe.html
Partek genomics site,"Workflows for microarray and PCR data include: Gene expression including alternative splicing, miRNA expression,  Next Generation Sequencing (NGS) workflows include: RNA-Seq, miRNA-Seq, ChIP-Seq, DNA-Seq, and Methylation",http://www.partek.com/pgs
partek flow,"Performs base trimming, alignment, quantification, quality analysis, statistics, and visualization",http://www.partek.com/partekflow
Golden helix,"used for managing, analyzing and visualizing genotypic and phenotypic data; Features: Genome-wide association studies, genomic prediction, copy number analysis, small sample DNA-Seq workflows, large sample DNA-seq",http://goldenhelix.com/SNP_Variation/
Genomatics,"Applications: ChIP-Seq, DNA-Seq, RNA-Seq, DNA methylation; enable personalized medicine,",https://www.genomatix.de/
Biodtomics,"Open source platform (SaaS), analysis and genome sequencing tools, integrates over 400 genomic analysis open source tools and pipelines, have a private and public cloud version",http://www.biodatomics.com/
Solvebio,"Software product, for clinical genomics professionals, manage, curate, report genomic variation",https://www.solvebio.com/
Basepair,"Offers high quality workflows for all common NGS applications (RNA-Seq, ChIP-Seq, DNA-Seq, etc.)",http://www.basepairtech.com/
IMPUTE2,"phasing observed genotypes and imputing missing genotypes uses reference panels to provide all available halotypes, does not use population labels",http://mathgen.stats.ox.ac.uk/impute/impute_v2.html
FREEBAYES,"finds SNPs, Indels, MNPs; reports variants based on alignment",https://github.com/ekg/freebayes
SOAPindel,detects indels from NGS paired-end sequencing,http://soap.genomics.org.cn/soapindel.html
2Kplus2,algorithm searches graphs produced by de novo assembler Cortex; c++ source code for SNP ,https://github.com/danmaclean/2kplus2
Atlas 2, specializes in separation of true SNPs and indels from sequencing and mapping errors,https://www.hgsc.bcm.edu/software/atlas-2
CRISP,"identifies SNPs and INDELs from pooled high-throughput NGS, not used for analysis of single samples",https://sites.google.com/site/vibansal/software/crisp
Dindel,"(Wellcome Trust Sanger) calls small indels from short-read sequences, only can handle Illumina data; cannot test candidate indels",http://www.sanger.ac.uk/resources/software/dindel/
Discosnp++,detects homozygous and heterozygous SNPs and Indels,http://colibread.inria.fr/software/discosnp/
FAM sequencing,family-based sequencing studies- provides probability of an individual carrying variant based on familys raw measurements; ,NULL
Genetic Thesaurus,Annotation of genetic variants in repetitive regions,http://sourceforge.net/p/%20geneticthesaurus/wiki/Example/
GLF multiple,"command-line, variant caller",http://genome.sph.umich.edu/wiki/GlfMultiples
GLF single,"uses likelihood-based model for variant calling, starts from genotype likelihoods that have been computed from other tools ",http://genome.sph.umich.edu/wiki/GlfSingle
Halvade,"command-line; written in Java, to run halvade a reference is needed for both GATK and BWA and a SNP (dbSNP!) database is required",https://github.com/ddcap/halvade
Indel miner,identifies indels from paired-end reads,https://github.com/aakrosh/indelMINER
Indel locator,"does not perform realignment, relies on alignments in BAM files (BAM files need aligned before put into indelocator); recommended to use GATK prior;",https://www.broadinstitute.org/cancer/cga/indelocator
Isaac variant caller,detects SNPs and small indels from diploid sample; designed to run on nux-like platforms,https://github.com/sequencing/isaac_variant_caller
Kvarq,"in silico genotyping for selected loci in bacterial genome, ",http://www.swisstph.ch/kvarq
Lo Freq,"SNV caller, Python language, standalone program, uncovers cell-population heterogeneity from high-throughput sequencing datasets",http://sourceforge.net/projects/lofreq/files/
Manta,"Calls indels and SVs from paired end reads; standalone, command line program; Written in C++ and Python",https://github.com/Illumina/manta
Margin Align,"SNV caller, specifically tailored to Oxford Nanopore Reads, written in Python; Package comes with 3 programs, marginAlign",https://github.com/benedictpaten/marginAlign
Mendel scan,for analyzing sequencing data in family studies of inherited diseases,http://gmt.genome.wustl.edu/packages/mendelscan/
Nanopore,(group at UCSC studying using ion channels for analysis of single RNA/DNA structures) software pipeline; tailored to Oxford Nanopore Reads; command line program,https://github.com/mitenjain/nanopore
SNPg,can be used as a standalone application with graphical user interface as part of pipeline system,http://www.bioinformatics.nl/QualitySNPng/
REVIster,"command line program; automated pipeline; utilizes BWA, BLAT, and SAMTools; utilizes BWA mapping program;",http://revister.sourceforge.net/
RVD,"command-line program, detection of rare SNVs, relies upon Samtools",http://dna-discovery.stanford.edu/software/rvd/
SNVer," calls common and rare variants in pool or individual NGS data, reports overall p-value, operating system independent statistical tool",http://snver.sourceforge.net/
SNV Mix,detects SNVs from NGS,http://compbio.bccrc.ca/software/snvmix/
SVM,"Structural Variant Machine - predicts indels, uses split read alignment profiles, validated by Sanger Sequencng",http://www.bsse.ethz.ch/mlcb/research/bioinformatics-and-computational-biology/structural-variant-machine--sv-m-.html
SNPest," Standalone program, language C++, Perl",https://github.com/slindgreen/SNPest
TRIOcaller,"Command line program, relies on BWA and samtools; genotype calling for unrelated individuals and parent-offspring trios",http://genome.sph.umich.edu/wiki/TrioCaller
SNIPPY,finds indels between haploid reference genome and NGS sequence reads,http://www.vicbioinformatics.com/software.snippy.shtml
VNTE seek,pipeline for discovering microsatellite tandem repeats with high-throughput sequencing data,http://orca.bu.edu/vntrseek/
CAKE,"standalone program, pipeline for the integrated analysis of somatic variants in cancer genomes; integrates four algorithms",http://cakesomatic.sourceforge.net/
MuTect,"Broad Institute, identification of somatic point mutations in cancer genomes; requires preprocessing of reads (GATK)",http://www.broadinstitute.org/cancer/cga/mutect
Polymut,calls SNVs and detects de novo point mutations in families,http://genome.sph.umich.edu/wiki/Polymutt
Basovacc,"Improved Bayesian inversion somatic caller; unlike other software packages, treats effects fully probabilisticallys instead of using ad-hoc modeling;",http://tvap.genome.wustl.edu/tools/bassovac/
CLImat, standalone program; accurate detection of copy number alteration and loss of heterozygosity in impure and aneuploid tumor samples using whole genome sequencing data,http://bioinformatics.ustc.edu.cn/CLImAT/
DE NOVO,"de-novo variant calling and interpretation; standalone program; dependencies C++ compiler, CMake, HTSlib, Eigen, Boost",http://denovogear.sourceforge.net/
EB Call, Empirical Baysian Mutation Calling; standalone program; uses tumor/normal paired reads and non-paired normal reference samples,https://github.com/friend1ws/EBCall
HAPMUC,"utilizes the information of heterozygous germline variants near candidate mutations; Dependent upon- Boost, SAMtools, BEDtools;",https://github.com/usuyama/hapmuc
MULTIGEMS,Multi-sample Genotype Model Selection,https://github.com/cui-lab/multigems
MULTI SNV,"command-line program; calls SNVs from NGS data from multiple samples from the same patient; dependent on R, Git, cmake, Boost and compile libraries",https://bitbucket.org/joseph07/multisnv/wiki/Home
MUTATION SEQ,"standalone program, somatic SNV detection in tumor/normal samples; dependent on python, bamtools, boost, and LAPACK",http://compbio.bccrc.ca/software/mutationseq/
QSNP,standalone program; SNV caller for somatic variants in low cellularity cancer samples,http://www.qcmg.org/bioinformatics/tiki-index.php
RADIA,"RNA and DNA Integrated Analysis for Somatic Mutation Detection; DNA only Method(tumor/normal pair, ignores RNA)",https://github.com/aradenbaugh/radia/
RVD2,"sensitive, variant detection for low-depth targeted NGS data; python module or command- line program;",http://genomics.wpi.edu/rvd2/
SHIMMER,"standalone program; detects somatic SNVs with multiple testing correction, uses Fishers exact test; ",https://github.com/nhansen/Shimmer
SNVPPL,Refines GATKs Unified Genotyper SNV calls for multiple samples assumed to form a phylogeny,http://www.cs.helsinki.fi/en/gsa/snv-ppilp/
SOMATIC SNIPER,command-line application to identify SNPs between tumor/normal pairs- predicts probability of difference between two,http://gmt.genome.wustl.edu/packages/somatic-sniper/
STRELKA,somatic variant calling workflow for matched tumor-normal samples; detects indels; runs on *nux-like platform,https://sites.google.com/site/strelkasomaticvariantcaller/
TRIODENOVO, Bayesian framework for calling de novo mutations in trios,http://www.pitt.edu/~wec47/triodenovo.html
UNCeqr,finds somatic mutations using integration of DNA and RNA seq data-- boosts sensitivity for low purity tumors and rare mutations;,http://lbg.med.unc.edu/~mwilkers/unceqr_dist/
Virmid,Virtual Microdissection for SNP calling; Java based; for disease-control matched samples; uncovers SNPs with low allele frequency by considering alpha contamination,http://sourceforge.net/projects/virmid/
Varscan ,"identify germline variants, private and shared variants, somatic mutations, and somatic CNVs; detects indels",http://massgenomics.org/varscan
BAYSIC,"ayesian method; combines variant calls from different methods (GATK, FreeBayes, Atlas, Samtools,",http://genformatic.com/baysic/
MSIsensor," Microsatellite instability detection; C++ program, detects somatic and germline variants in tumor-normal paired data",https://github.com/ding-lab/msisensor
BEAGLE,"software package: genotype calling, phasing, imputation of ungenotyped markers, and identity-by-descent segment detection:unsure if this one is in the right category; genotype calling, phasing, imputation of ungenotyped markers, and identity-by-descent segment detection;",http://faculty.washington.edu/browning/beagle/beagle.html
QUADGT,"software package, SNV calling from normal-tumor pair and two parent genomes; quantifies descent-by-modification relationships",http://www.iro.umontreal.ca/~csuros/quadgt/
RAREVATOR,RAre REference VAriant annotaTOR; command line; identification and annotation of germline and somatic variants in rare reference allele loci from second generation sequencing data; Bayesian genotype likelihood model,http://sourceforge.net/projects/rarevator/
SCALPEL,"Used for detecting indels in a reference genome; performs localized micro-assembly of specific regions of interest; can do single, de novo, somatic reads; requires that raw reads are aligned with BWA",http://scalpel.sourceforge.net/
SOAPSNP, based on Bayes theorem; calls consensus genotype,http://soap.genomics.org.cn/soapsnp.html
VARIANT MASTER,extract causative variants for monogenic and sporadic genetic diseases,http://sourceforge.net/projects/variantmaster/
Myrna,"""Myrna is a cloud computing tool for calculating differential gene expression in large RNA-seq datasets. Myrna uses Bowtie for short read alignment and R/Bioconductor for interval calculations, normalization, and statistical testing. These tools are combined in an automatic, parallel pipeline that runs in the cloud (Elastic MapReduce in this case) on a local Hadoop cluster, or on a single computer, exploiting multiple computers and CPUs wherever possible""",https://bioinformaticssoftwareandtools.co.in/click_me.php?id=347
Cufflinks,"""Cufflinks assembles transcripts, estimates their abundances, and tests for differential expression and regulation in RNA-Seq samples. It accepts aligned RNA-Seq reads and assembles the alignments into a parsimonious set of transcripts. Cufflinks then estimates the relative abundances of these transcripts based on how many reads support each one, taking into account biases in library preparation protocols""",https://bioinformaticssoftwareandtools.co.in/click_me.php?id=348
Rnnotator,"""Rnnotator"" software: To address challenges related to comprehensive annotation and quantification of transcriptomes, Rnnotator was developed by a team at the JGI to provide an automated software pipeline that generates transcript models by de novo assembly of RNA-Seq data without the need for a reference genome""",https://bioinformaticssoftwareandtools.co.in/click_me.php?id=349
Genomic Short-read Nucleotide Alignment Program (GSNAP),"Used for aligning short reads of transcripts. It has added feature of enbling the user to check ""for and eliminating indel/splice combinations at ends of alignments"", ""finding of microexons in short reads""",https://bioinformaticssoftwareandtools.co.in/click_me.php?id=350
TopHat,"""TopHat is a fast splice junction mapper for RNA-Seq reads. It aligns RNA-Seq reads to mammalian-sized genomes using the ultra high-throughput short read aligner Bowtie, and then analyzes the mapping results to identify splice junctions between exons""",https://bioinformaticssoftwareandtools.co.in/click_me.php?id=351
Trinity,"Trinity ""represents a novel method for the efficient and robust de novo reconstruction of transcriptomes from RNA-seq data. Trinity combines three independent software modules: Inchworm, Chrysalis, and Butterfly, applied sequentially to process large volumes of RNA-seq reads""",https://bioinformaticssoftwareandtools.co.in/click_me.php?id=352
ERANGE,"""E-RANGE is our Python package for doing RNA-seq and ChIP-seq (hence the ""dual-use""), and is a descendant of the ChIPSeq mini peak finder "". ""ERANGE is not compatible with bowtie 0.9.9.X""",https://bioinformaticssoftwareandtools.co.in/click_me.php?id=353
Trans-Abyss,"""Trans-ABySS is a software package that is designed to analyze ABySS-assembled whole-genome shotgun transcriptome data""",https://bioinformaticssoftwareandtools.co.in/click_me.php?id=354
Scripture,"""Scripture is a method for transcriptome reconstruction that relies solely on RNA-Seq reads and an assembled genome to build a transcriptome ab initio.""",https://bioinformaticssoftwareandtools.co.in/click_me.php?id=355
RUM,"""RUM is an RNA-Seq alignment pipeline""",https://bioinformaticssoftwareandtools.co.in/click_me.php?id=356
G-Mo.R-Se,"G-Mo.R-Se is a method aimed at using RNA-Seq short reads to build de novo gene models. The ""candidate exons are built directly from the positions of the reads mapped on the genome (without any ab initio assembly of the reads), and all the possible splice junctions between those exons are tested against unmapped reads : the testing of junctions is directed by the information available in the RNA-Seq dataset rather than a priori knowledge about the genome. Exons can thus be chained into stranded gene models""",https://bioinformaticssoftwareandtools.co.in/click_me.php?id=357
MapSplice,"It is used for ""accurate mapping of RNA-seq reads for splice junction discovery"".",https://bioinformaticssoftwareandtools.co.in/click_me.php?id=358
SpliceMap,"""SpliceMap is a de novo splice junction discovery and alignment tool. It offers high sensitivity and support for arbitrary RNA-seq read lengths""",https://bioinformaticssoftwareandtools.co.in/click_me.php?id=359
Oases,"It is used for ""De novo transcriptome assembler for very short reads"". ""Oases is a de novo transcriptome assembler designed to produce transcripts from short read sequencing technologies, such as Illumina, SOLiD, or 454 in the absence of any genomic assembly. Oases is a de novo transcriptome assembler designed to produce transcripts from short read sequencing technologies, such as Illumina, SOLiD, or 454 in the absence of any genomic assembly""",https://bioinformaticssoftwareandtools.co.in/click_me.php?id=360
ANNOVAR,"  ANNOVAR is a tool for annotating genetic variants detected in high-throughput sequencing data. It provides information on the functional consequences of variants, such as their effects on protein coding, splicing, and regulatory regions. ANNOVAR supports multiple types of annotation databases, making it a versatile tool for variant analysis.",https://digitalinsights.qiagen.com/products-overview/clinical-insights-portfolio/annovar/
OMIM (Online Mendelian Inheritance in Man):," OMIM is a comprehensive, authoritative database of human genes and genetic disorders. It provides detailed information on the relationship between gene mutations and phenotypic expression, including descriptions of genetic disorders, associated genes, and references to scientific literature.",https://www.omim.org/
GoldenGate (Illumina)," GoldenGate is a genotyping assay technology developed by Illumina that uses bead-based microarrays to genotype multiple single nucleotide polymorphisms (SNPs) simultaneously. It is known for its accuracy, high throughput, and flexibility in customizing SNP panels for various research purposes.",https://www.sciencedirect.com/science/article/pii/S2214030122000098
TaqMan (Thermo Fisher Scientific)," TaqMan is a technology for quantitative PCR (qPCR) and genotyping assays developed by Thermo Fisher Scientific. It uses fluorescent probes to detect and quantify specific DNA sequences, providing highly accurate and sensitive measurements of gene expression and genetic variants.",https://www.thermofisher.com/in/en/home/life-science/pcr/real-time-pcr/real-time-pcr-assays.html
WGSA (Whole Genome Sequencing Analysis) pipelines,"WGSA pipelines are comprehensive analysis workflows designed to process and interpret whole genome sequencing (WGS) data. They typically include steps for data quality control, alignment, variant calling, annotation, and interpretation, enabling researchers to derive meaningful insights from WGS datasets.",https://europepmc.org/article/PMC/5124490
ChIP-seq analysis tools," ChIP-seq (Chromatin Immunoprecipitation Sequencing) analysis tools are used to analyze data from experiments that combine chromatin immunoprecipitation with next-generation sequencing. These tools help identify DNA binding sites of transcription factors and other proteins, map histone modifications, and analyze chromatin structure. Common tools include MACS (Model-based Analysis of ChIP-Seq) for peak calling and HOMER (Hypergeometric Optimization of Motif EnRichment) for motif discovery.",https://www.cd-genomics.com/pipeline-and-tools-comparison-for-chip-seq-analysis.html
ClinVar," ClinVar is a freely accessible database maintained by the National Center for Biotechnology Information (NCBI) that aggregates information about genomic variations and their relationship to human health. It provides clinical annotations, including pathogenicity, clinical significance, and supporting evidence for various genetic variants.",https://clinvarminer.genetics.utah.edu/
gnoMAD (Genome Aggregation Database),"gnomAD is a resource that aggregates and harmonizes exome and genome sequencing data from a wide range of large-scale sequencing projects. It provides allele frequencies for millions of genetic variants across diverse populations, helping researchers understand genetic diversity and identify rare variants associated with diseases.",https://gnomad.broadinstitute.org/
UCSC Genome Browser," The UCSC Genome Browser is an online tool for visualizing and analyzing genomic data. It provides a graphical interface to browse various genomes, access integrated annotations, and retrieve sequence data. Users can explore gene structures, regulatory elements, comparative genomics, and much more.",https://genome.ucsc.edu/
Ensembl Genome Browser," The Ensembl Genome Browser is a platform for accessing and visualizing genomic data for various species. It provides comprehensive annotations, including gene models, variation data, comparative genomics, and regulatory features. Ensembl supports integration with various external data sources and tools, facilitating in-depth genomicÂ research.",https://ensemblgenomes.org/
PLINK,"PLINK is a widely used open-source software tool for genome-wide association studies (GWAS) and population-based linkage analysis. It provides functions for data management, statistical analysis of genotype/phenotype data, and the calculation of various genetic metrics, such as linkage disequilibrium, haplotype blocks, and principal components.",https://www.cog-genomics.org/plink/
GCTA (Genome-wide Complex Trait Analysis),"GCTA is a software tool for analyzing the genetic architecture of complex traits. It can estimate the proportion of phenotypic variance explained by genome-wide SNPs, perform genomic prediction, and conduct GWAS meta-analysis. GCTA is designed to handle large-scale genetic data and to study the genetic basis of complex traits.",https://yanglab.westlake.edu.cn/software/gcta/#Overview
MACH (MACH Admixture and Coalescence Hidden Markov model,MACH is a software tool for haplotype estimation and genotype imputation. It uses a Hidden Markov Model (HMM) to infer missing genotypes and phase haplotypes based on known haplotype reference panels. MACH is commonly used in genetic studies to improve the accuracy of genotype data.,https://link.springer.com/protocol/10.1007/978-1-0716-0199-0_8
Impute2,"  Impute2 is a genotype imputation software tool that uses reference haplotype panels to infer missing genotypes in genome-wide association studies (GWAS). It employs a hidden Markov model to predict genotypes, increasing the power of GWAS by providing a more complete and accurate dataset.",https://mathgen.stats.ox.ac.uk/impute/impute_v2.2.2.html
Illumina Infinium Global Screening Array,"The Illumina Infinium Global Screening Array is a high-density SNP genotyping array designed for population genomics and genetic research. It includes a diverse set of markers optimized for genetic diversity studies, clinical research, and pharmacogenomics applications.",https://sapac.illumina.com/products/by-type/microarray-kits/infinium-global-screening.html
Axiom Genotyping Solution (Thermo Fisher Scientific)," The Axiom Genotyping Solution is a high-throughput genotyping platform offered by Thermo Fisher Scientific. It includes customizable microarrays for SNP and indel genotyping, enabling researchers to study genetic variation in various populations and species.",https://www.thermofisher.com/in/en/home/life-science/microarray-analysis/agrigenomics-solutions-microarrays-gbs/axiom-genotyping-solution-agrigenomics/axiom-mydesign-genotyping-arrays.html
UK Biobank,"The UK Biobank is a large-scale biomedical database and research resource containing genetic, health, and lifestyle information from half a million UK participants. It provides extensive data for studying the determinants of complex diseases and traits, facilitating research in genetics, epidemiology, and public health.",https://www.ukbiobank.ac.uk/
STITCH (Systematic Tool for Interactions between Chemicals and Targets),"STITCH is a database and tool for exploring interactions between chemicals and proteins. It integrates information from multiple sources to predict and visualize potential interactions, aiding in the study of drug mechanisms, toxicology, and chemical biology.","https://bio.tools/stitch#:~:text=STITCH%20is%20a%20database%20of%20protein%20%E2%80%93%20chemical%20interactions%20that%20integrates,mining%20information%20and%20interaction%20predictions."
GWAS Catalog,"The GWAS Catalog is a publicly accessible database of published genome-wide association studies (GWAS). It curates and provides information on SNP-trait associations from numerous studies, enabling researchers to explore genetic variants linked to various traits and diseases.",https://www.ebi.ac.uk/gwas/
NHGRI GWAS Catalog,"The NHGRI GWAS Catalog, maintained by the National Human Genome Research Institute (NHGRI), is a comprehensive resource that collects and curates data from GWAS studies. It includes information on SNP-trait associations, study details, and relevant publications",https://www.ebi.ac.uk/gwas/downloads
FRAPPE (Fast Random Association with Partner Pool Estimation)," FRAPPE is a software tool for estimating individual ancestry proportions from genotype data. It uses a model-based approach similar to ADMIXTURE and STRUCTURE, providing fast and accurate ancestry inference for population genetics studies.
",https://frappe.io/partners
SAIGE (Sequence Association and Interaction Gene Set Enrichment),"   SAIGE is a statistical tool for genetic association studies, particularly designed to handle unbalanced case-control data and large sample sizes. It uses mixed models to account for relatedness and population structure, improving the power and accuracy of rare variant association tests.
",https://bio.tools/saige
WASP (Whole Genome Annotation System for Personalized Medicine)," WASP is a comprehensive system for annotating and interpreting whole-genome sequencing data. It integrates various annotation tools and databases to provide functional insights into genetic variants, supporting personalized medicine and clinical genomics.
",https://bioinfo.biotec.or.th/WASP
FUMA (Functional Mapping and Annotation of Genome-Wide Association Studies),"   FUMA is an online platform for annotating, prioritizing, and interpreting GWAS results. It integrates various functional annotation databases and tools to provide insights into the biological mechanisms underlying genetic associations and to prioritize candidate genes and variants for further study.",https://bio.tools/fuma
LDlink (Linkage Disequilibrium analysis),"LDlink is a suite of web-based tools for exploring linkage disequilibrium (LD) and related genomic features. It provides interactive visualization and analysis of LD patterns, haplotype structures, and variant annotations using data from large population studies like 1000 Genomes.
",https://bio.tools/ldlink
POSSEQ (Polygenic Scores for Sequencing Data)," POSSEQ is a tool for calculating polygenic risk scores (PRS) from sequencing data. It aggregates the effects of multiple genetic variants to estimate an individual's genetic predisposition to certain traits or diseases, aiding in the study of complex genetic architectures.
",https://bio.tools/proseq
REVEL (Rare Variant Explanatory Lever)," REVEL is a computational tool for predicting the pathogenicity of rare missense variants. It integrates scores from multiple prediction tools and databases to provide a consensus assessment, helping researchers and clinicians prioritize variants for further study and potential clinicalÂ relevance.",https://bio.tools/reveal
qPCR Analysis Tool,"Improve your qPCR data analysis and interpretation. Simply input qPCR data and the tool will perform statistical analyses, assist with data interpretation, and provide visual representation of the data.",https://www.stemcell.com/qPCRanalysis
hPSC Genetic Analysis Tool,"When used with the hPSC Genetic Analysis Kit, this tool enables rapid detection of abnormalities within human pluripotent stem cell cultures.",https://www.stemcell.com/geneticanalysisapp
L-Calc? Software,Streamline how you analyze the results of your limiting dilution analyses in your colony forming assays.,https://www.stemcell.com/products/product-types/instruments/l-calc-software.html
PASTAA,The PASTAA program predicts Transcription Factors (TFs) regulating a user defined set of genes.,https://trap.molgen.mpg.de/PASTAA.htm
Homer,HOMER was primarily written as a de novo motif discovery algorithm and is well suited for finding 8-20 bp motifs in large scale genomics data. ,http://homer.ucsd.edu/
GeoSTAN,"GeoStan uses data from two primary sources to perform its functions: a street network database, acquired from one of several premium vendors or the U.S. Census ",https://docs.precisely.com/docs/sftw/geostan-geocoding-suite/v2021-05/en-us/pdf/geostan-v34-00-reference-manual.pdf
iRegulon,iRegulon detects the master regulons and co-factors from a set of differentially expressed genes.,http://iregulon.aertslab.org/
CAGE,Cap Analysis of Gene Expression (CAGE) is a method for promoter identification and transcription profiling developed by RIKEN ,https://cage-seq.com/
karyotyping,"examination of cellular chromosome number and morphology. Differences in appearance include size, position of centromeres, and changes in banding patterns.",https://www.bio-rad.com/en-in/applications-technologies/analysis-stem-cells?ID=LUSR41KSY
single-nucleotide polymorphism (SNP) analysis,SNP arrays are used for detecting loss of heterozygosity (LOH). ,https://www.bio-rad.com/en-in/applications-technologies/analysis-stem-cells?ID=LUSR41KSY
epigenetic profiling,A stem cell's pluripotency is dictated to a large extent by its epigenetic profile ,https://www.bio-rad.com/en-in/applications-technologies/analysis-stem-cells?ID=LUSR42KSY
flow cytometry,"Fluorescently tagged monoclonal antibodies can be used to distinguish specific cell populations, and cell sorting can be used to physically separate different stem cell populations.",https://www.bio-rad.com/en-in/applications-technologies/analysis-stem-cells?ID=LUSR43KSY
immunocytochemistry,Immunocytochemistry is predominantly used to confirm the presence or absence of protein expression in stem cells.,https://www.bio-rad.com/en-in/applications-technologies/analysis-stem-cells?ID=LUSR44KSY
"digital PCR,","RT-digital PCR provide rapid, sensitive, and quantitative methods for monitoring the gene expression profile of any cell population ",https://www.bio-rad.com/en-in/applications-technologies/analysis-stem-cells?ID=LUSR45KSY
western blotting,"In studying the mechanism of stem cell differentiation, western blotting is useful for determining the success of transfection experiments. When a gene is either introduced into the cell or knocked down using antisense RNA or RNAi molecules, detection and quantitation of the presence and level of protein expression by western blotting is often coupled with measurements of transcript levels by RT-qPCR. Importantly, western blots can be used to study the effects of transfection on downstream protein expression.",https://www.bio-rad.com/en-in/applications-technologies/analysis-stem-cells?ID=LUSR46KSY
biomarker analysis,"Regulation of biological processes can be controlled by protein interactions, relative protein levels, and posttranslational protein modification",https://www.bio-rad.com/en-in/applications-technologies/analysis-stem-cells?ID=LUSR47KSY
teratoma formation,teratoma formation can be used as indicators of stemness when analyzing the pluripotency of stem cells,https://www.bio-rad.com/en-in/applications-technologies/analysis-stem-cells?ID=LUSR48KSY
R/Bioconductor,"Bioconductor is a collection of R packages specifically designed for analyzing genomic data, including stem cell-related data. It provides a wide range of tools and algorithms for data preprocessing, visualization, differential expression analysis, and more.","https://www.datacamp.com/tutorial/intro-bioconductor#:~:text=Bioconductor%20software%20consists%20of%20R,specific%20statistical%20and%20graphical%20methods."
MATLAB,"programming language and environment widely used in scientific research, including stem cell research. It offers a rich set of functions and toolboxes for data analysis, statistical modeling, image processing, and machine learning.",https://www.mathworks.com/products/matlab.html
FlowJo,"FlowJo is a powerful software package specifically designed for flow cytometry data analysis, a technique commonly used in stem cell research. It provides tools for data visualization, gating, and statistical analysis of flow cytometry data",https://www.flowjo.com/
Ingenuity Pathway Analysis (IPA),"IPA is a web-based tool that helps in the interpretation of omics data, including gene expression data from stem cells. It provides comprehensive pathway analysis, network analysis, and functional annotation to gain insights into the biological processes and molecular interactions involved in stem cell function.",https://digitalinsights.qiagen.com/products-overview/discovery-insights-portfolio/analysis-and-visualization/qiagen-ipa/
Cytoscape,Cytoscape is an open-source software platform for visualizing and analyzing molecular interaction networks. It can be used to analyze gene regulatory networks and protein-protein interaction networks in stem cell research.,https://cytoscape.org/
GeneSpring,GeneSpring is a software suite developed by Agilent Technologies for microarray and RNA-seq data analysis.,https://www.agilent.com/en/product/software-informatics/genomics-software-informatics/gene-expression/genespring-gx
DESeq2,"DESeq2 is a statistical tool that allows researchers to identify differentially expressed genes from RNA-Seq data. It takes into account the inherent variability in the sequencing data and corrects for it, providing more accurate results.","https://pluto.bio/blog/deseq2-an-overview-of-popular-rna-seq-analysis-package#:~:text=What%20is%20DESeq2%3F,it%2C%20providing%20more%20accurate%20results."
Seurat,"Seurat is an R package designed for QC, analysis, and exploration of single-cell RNA-seq data.",https://satijalab.org/seurat/
Monocle,"Monocle introduced the strategy of ordering single cells in pseudotime, placing them along a trajectory corresponding to a biological process such as cell differentiation by taking advantage of individual cell's asynchronous progression of those processes.","http://cole-trapnell-lab.github.io/monocle-release/docs/#:~:text=Monocle%20introduced%20the%20strategy%20of,asynchronous%20progression%20of%20those%20processes."
Scanpy,"Scanpy is a scalable toolkit for analyzing single-cell gene expression data built jointly with anndata. It includes preprocessing, visualization, clustering, trajectory inference and differential expression testing.",https://scanpy.readthedocs.io/en/stable/
Cell Ranger,"Cell Ranger is a set of analysis pipelines that process Chromium single cell data to align reads, generate feature-barcode matrices, perform clustering and other secondary analysis",https://support.10xgenomics.com/single-cell-gene-expression/software/pipelines/latest/what-is-cell-ranger
"DAVID (Database for Annotation, Visualization, and Integrated Discovery)","The Database for Annotation, Visualization and Integrated Discovery (DAVID) provides a comprehensive set of functional annotation tools for investigators to understand the biological meaning behind large lists of genes.",https://david.ncifcrf.gov/
clusterProfiler,The clusterProfiler package is a versatile tool for enrichment analysis.,https://www.sciencedirect.com/science/article/pii/S2666675821000667
TIBCO Spotfire,"Tibco Spotfire, developed by Tibco Software, is a program used for advanced analytics and data visualisation. Spotfire provides a comprehensive suite of data analysis capabilities, such as advanced analytics, predictive modeling, data visualisation and preparation.","https://cloudfoundation.com/blog/what-is-tibco-spotfire/#:~:text=Tibco%20Spotfire%2C%20developed%20by%20Tibco,modeling%2C%20data%20visualisation%20and%20preparation."
GraphPad Prism,"GraphPad Prism combines scientific graphing, comprehensive curve fitting (nonlinear regression), understandable statistics, and data organization. While it won't replace a heavy-duty statistics program, Prism lets you easily perform basic statistical tests commonly used by laboratory and clinical researchers.","https://tech.rochester.edu/software/graphpad-prism/#:~:text=GraphPad%20Prism%20combines%20scientific%20graphing,by%20laboratory%20and%20clinical%20researchers."
Partek Genomics Suite,"Partek Genomics Suite is a statistical analysis software that lets you analyze microarray, qPCR, and pre-processed NGS data right from your desktop computer. It is fast, agile, and memory efficient.",https://www.partek.com/partek-genomics-suite/
GenePattern,"GenePattern provides hundreds of analytical tools for the analysis of gene expression (RNA-seq and microarray), sequence variation and copy number, proteomic, flow cytometry, and network analysis. These tools are all available through a Web interface with no programming experience required.",https://www.genepattern.org/#gsc.tab=0
Qlucore Omics Explorer,"Qlucore Omics Explorer is a Do-It-Yourself bioinformatics software for research in the life science, biotech, food and plant industries, as well as academia",https://qlucore.com/
ANNOVAR,"  ANNOVAR is a tool for annotating genetic variants detected in high-throughput sequencing data. It provides information on the functional consequences of variants, such as their effects on protein coding, splicing, and regulatory regions. ANNOVAR supports multiple types of annotation databases, making it a versatile tool for variant analysis.",https://digitalinsights.qiagen.com/products-overview/clinical-insights-portfolio/annovar/
OMIM (Online Mendelian Inheritance in Man):," OMIM is a comprehensive, authoritative database of human genes and genetic disorders. It provides detailed information on the relationship between gene mutations and phenotypic expression, including descriptions of genetic disorders, associated genes, and references to scientific literature.",https://www.omim.org/
GoldenGate (Illumina)," GoldenGate is a genotyping assay technology developed by Illumina that uses bead-based microarrays to genotype multiple single nucleotide polymorphisms (SNPs) simultaneously. It is known for its accuracy, high throughput, and flexibility in customizing SNP panels for various research purposes.",https://www.sciencedirect.com/science/article/pii/S2214030122000098
TaqMan (Thermo Fisher Scientific)," TaqMan is a technology for quantitative PCR (qPCR) and genotyping assays developed by Thermo Fisher Scientific. It uses fluorescent probes to detect and quantify specific DNA sequences, providing highly accurate and sensitive measurements of gene expression and genetic variants.",https://www.thermofisher.com/in/en/home/life-science/pcr/real-time-pcr/real-time-pcr-assays.html
WGSA (Whole Genome Sequencing Analysis) pipelines,"WGSA pipelines are comprehensive analysis workflows designed to process and interpret whole genome sequencing (WGS) data. They typically include steps for data quality control, alignment, variant calling, annotation, and interpretation, enabling researchers to derive meaningful insights from WGS datasets.",https://europepmc.org/article/PMC/5124490
ChIP-seq analysis tools," ChIP-seq (Chromatin Immunoprecipitation Sequencing) analysis tools are used to analyze data from experiments that combine chromatin immunoprecipitation with next-generation sequencing. These tools help identify DNA binding sites of transcription factors and other proteins, map histone modifications, and analyze chromatin structure. Common tools include MACS (Model-based Analysis of ChIP-Seq) for peak calling and HOMER (Hypergeometric Optimization of Motif EnRichment) for motif discovery.",https://www.cd-genomics.com/pipeline-and-tools-comparison-for-chip-seq-analysis.html
ClinVar," ClinVar is a freely accessible database maintained by the National Center for Biotechnology Information (NCBI) that aggregates information about genomic variations and their relationship to human health. It provides clinical annotations, including pathogenicity, clinical significance, and supporting evidence for various genetic variants.",https://clinvarminer.genetics.utah.edu/
gnoMAD (Genome Aggregation Database),"gnomAD is a resource that aggregates and harmonizes exome and genome sequencing data from a wide range of large-scale sequencing projects. It provides allele frequencies for millions of genetic variants across diverse populations, helping researchers understand genetic diversity and identify rare variants associated with diseases.",https://gnomad.broadinstitute.org/
UCSC Genome Browser," The UCSC Genome Browser is an online tool for visualizing and analyzing genomic data. It provides a graphical interface to browse various genomes, access integrated annotations, and retrieve sequence data. Users can explore gene structures, regulatory elements, comparative genomics, and much more.",https://genome.ucsc.edu/
Ensembl Genome Browser," The Ensembl Genome Browser is a platform for accessing and visualizing genomic data for various species. It provides comprehensive annotations, including gene models, variation data, comparative genomics, and regulatory features. Ensembl supports integration with various external data sources and tools, facilitating in-depth genomicÂ research.",https://ensemblgenomes.org/
PLINK,"PLINK is a widely used open-source software tool for genome-wide association studies (GWAS) and population-based linkage analysis. It provides functions for data management, statistical analysis of genotype/phenotype data, and the calculation of various genetic metrics, such as linkage disequilibrium, haplotype blocks, and principal components.",https://www.cog-genomics.org/plink/
GCTA (Genome-wide Complex Trait Analysis),"GCTA is a software tool for analyzing the genetic architecture of complex traits. It can estimate the proportion of phenotypic variance explained by genome-wide SNPs, perform genomic prediction, and conduct GWAS meta-analysis. GCTA is designed to handle large-scale genetic data and to study the genetic basis of complex traits.",https://yanglab.westlake.edu.cn/software/gcta/#Overview
MACH (MACH Admixture and Coalescence Hidden Markov model,MACH is a software tool for haplotype estimation and genotype imputation. It uses a Hidden Markov Model (HMM) to infer missing genotypes and phase haplotypes based on known haplotype reference panels. MACH is commonly used in genetic studies to improve the accuracy of genotype data.,https://link.springer.com/protocol/10.1007/978-1-0716-0199-0_8
Impute2,"  Impute2 is a genotype imputation software tool that uses reference haplotype panels to infer missing genotypes in genome-wide association studies (GWAS). It employs a hidden Markov model to predict genotypes, increasing the power of GWAS by providing a more complete and accurate dataset.",https://mathgen.stats.ox.ac.uk/impute/impute_v2.2.2.html
Illumina Infinium Global Screening Array,"The Illumina Infinium Global Screening Array is a high-density SNP genotyping array designed for population genomics and genetic research. It includes a diverse set of markers optimized for genetic diversity studies, clinical research, and pharmacogenomics applications.",https://sapac.illumina.com/products/by-type/microarray-kits/infinium-global-screening.html
Axiom Genotyping Solution (Thermo Fisher Scientific)," The Axiom Genotyping Solution is a high-throughput genotyping platform offered by Thermo Fisher Scientific. It includes customizable microarrays for SNP and indel genotyping, enabling researchers to study genetic variation in various populations and species.",https://www.thermofisher.com/in/en/home/life-science/microarray-analysis/agrigenomics-solutions-microarrays-gbs/axiom-genotyping-solution-agrigenomics/axiom-mydesign-genotyping-arrays.html
UK Biobank,"The UK Biobank is a large-scale biomedical database and research resource containing genetic, health, and lifestyle information from half a million UK participants. It provides extensive data for studying the determinants of complex diseases and traits, facilitating research in genetics, epidemiology, and public health.",https://www.ukbiobank.ac.uk/
STITCH (Systematic Tool for Interactions between Chemicals and Targets),"STITCH is a database and tool for exploring interactions between chemicals and proteins. It integrates information from multiple sources to predict and visualize potential interactions, aiding in the study of drug mechanisms, toxicology, and chemical biology.","https://bio.tools/stitch#:~:text=STITCH%20is%20a%20database%20of%20protein%20%E2%80%93%20chemical%20interactions%20that%20integrates,mining%20information%20and%20interaction%20predictions."
GWAS Catalog,"The GWAS Catalog is a publicly accessible database of published genome-wide association studies (GWAS). It curates and provides information on SNP-trait associations from numerous studies, enabling researchers to explore genetic variants linked to various traits and diseases.",https://www.ebi.ac.uk/gwas/
NHGRI GWAS Catalog,"The NHGRI GWAS Catalog, maintained by the National Human Genome Research Institute (NHGRI), is a comprehensive resource that collects and curates data from GWAS studies. It includes information on SNP-trait associations, study details, and relevant publications",https://www.ebi.ac.uk/gwas/downloads
FRAPPE (Fast Random Association with Partner Pool Estimation)," FRAPPE is a software tool for estimating individual ancestry proportions from genotype data. It uses a model-based approach similar to ADMIXTURE and STRUCTURE, providing fast and accurate ancestry inference for population genetics studies.
",https://frappe.io/partners
SAIGE (Sequence Association and Interaction Gene Set Enrichment),"   SAIGE is a statistical tool for genetic association studies, particularly designed to handle unbalanced case-control data and large sample sizes. It uses mixed models to account for relatedness and population structure, improving the power and accuracy of rare variant association tests.
",https://bio.tools/saige
WASP (Whole Genome Annotation System for Personalized Medicine)," WASP is a comprehensive system for annotating and interpreting whole-genome sequencing data. It integrates various annotation tools and databases to provide functional insights into genetic variants, supporting personalized medicine and clinical genomics.
",https://bioinfo.biotec.or.th/WASP
FUMA (Functional Mapping and Annotation of Genome-Wide Association Studies),"   FUMA is an online platform for annotating, prioritizing, and interpreting GWAS results. It integrates various functional annotation databases and tools to provide insights into the biological mechanisms underlying genetic associations and to prioritize candidate genes and variants for further study.",https://bio.tools/fuma
LDlink (Linkage Disequilibrium analysis),"LDlink is a suite of web-based tools for exploring linkage disequilibrium (LD) and related genomic features. It provides interactive visualization and analysis of LD patterns, haplotype structures, and variant annotations using data from large population studies like 1000 Genomes.
",https://bio.tools/ldlink
POSSEQ (Polygenic Scores for Sequencing Data)," POSSEQ is a tool for calculating polygenic risk scores (PRS) from sequencing data. It aggregates the effects of multiple genetic variants to estimate an individual's genetic predisposition to certain traits or diseases, aiding in the study of complex genetic architectures.
",https://bio.tools/proseq
REVEL (Rare Variant Explanatory Lever)," REVEL is a computational tool for predicting the pathogenicity of rare missense variants. It integrates scores from multiple prediction tools and databases to provide a consensus assessment, helping researchers and clinicians prioritize variants for further study and potential clinicalÂ relevance.",https://bio.tools/reveal
