Tool_name,Description,Location
 autoclave, Equipment for sterilizing fermentation vessels and equipment using steam.,https://tamilcrew.com/wp-content/uploads/2021/04/Industrial-Fermenter-Autoclave-Incubator.jpg
 autoclave, Equipment for sterilizing fermentation vessels and equipment using steam.,https://tamilcrew.com/wp-content/uploads/2021/04/Industrial-Fermenter-Autoclave-Incubator.jpg
3D bioprinters ,"3D bioprinters use additive manufacturing techniques to create three-dimensional structures or tissues using bioinks containing living cells. They enable tissue engineering, organ-on-a-chip systems, or regenerative medicine applications in bioprocessing.",https://www.genengnews.com/wp-content/uploads/2021/03/Supp_CellTherapy3DPrinting_Cellink_PrinterInAction-scaled-e1617206790847.jpg
Aeration System, System for providing oxygen to fermenting cultures.,https://www.thecompressedairblog.com/hubfs/Air%20Compressor%20Set-Up.png
Agar Plate,Culture medium used for microbial isolation and identification.,https://encrypted-tbn0.gstatic.com/images?q=tbn:ANd9GcS9zRrtQ5fz8bvgSg3qJoWVHgzgMJ7GBtzW_mKTk_g4IHKDJpO8yQobv_311CBa9fnQCas&usqp=CAU
Agar Plate,Culture medium used for microbial isolation and identification.,https://encrypted-tbn0.gstatic.com/images?q=tbn:ANd9GcS9zRrtQ5fz8bvgSg3qJoWVHgzgMJ7GBtzW_mKTk_g4IHKDJpO8yQobv_311CBa9fnQCas&usqp=CAU
Agitator, Device for mixing and agitating fermentation solutions.,https://image.made-in-china.com/202f0j00hKjtulPBHVfq/Fermentation-Tank-with-Agitator-Mixing-Tank-for-Beverage.jpg
Air samplers," Air samplers are used to collect and analyze air samples for microbial contamination monitoring in cleanrooms, production areas, or critical environments in bioprocessing. They help ensure air quality and prevent contamination risks.",https://www.il-biosystems.com/fileadmin/_processed_/9/2/csm_19-Spin-air-01-IUL_188afb9283.png
Airlock, Device to release gases while preventing oxygen and contaminants.,https://encrypted-tbn0.gstatic.com/images?q=tbn:ANd9GcQ2jvPlG380td1xgkBu5tNCGfKA45rQ7fJBreoC5pjlwcNUTvSBNxonPkRYqGiGZhUIPAg&usqp=CAU
Airlock, Device to release gases while preventing oxygen and contaminants.,https://encrypted-tbn0.gstatic.com/images?q=tbn:ANd9GcQ2jvPlG380td1xgkBu5tNCGfKA45rQ7fJBreoC5pjlwcNUTvSBNxonPkRYqGiGZhUIPAg&usqp=CAU
Airlock, Device to release gases while preventing oxygen and contaminants.,https://encrypted-tbn0.gstatic.com/images?q=tbn:ANd9GcQ2jvPlG380td1xgkBu5tNCGfKA45rQ7fJBreoC5pjlwcNUTvSBNxonPkRYqGiGZhUIPAg&usqp=CAU
Airlock, Device to release gases while preventing oxygen and contaminants.,https://encrypted-tbn0.gstatic.com/images?q=tbn:ANd9GcQ2jvPlG380td1xgkBu5tNCGfKA45rQ7fJBreoC5pjlwcNUTvSBNxonPkRYqGiGZhUIPAg&usqp=CAU
Analytical Balance ,Precision scale for measuring and weighing fermentation samples.,https://pim-resources.coleparmer.com/category/m/analytical-balances.jpg
Analytical balanceshttps://microbenotes.com/wp-content/uploads/2022/09/Analytical-Balance-Parts.jpg," Analytical balances provide accurate and precise weighing of samples or reagents in bioprocessing. They are essential for preparing precise solutions, determining sample quantities, or conducting analytical measurements.",https://microbenotes.com/wp-content/uploads/2022/09/Analytical-Balance-Parts.jpg
Automated colony pickers,Automated colony pickers are used to pick and transfer individual microbial colonies from agar plates. They automate the process of colony isolation and facilitate high-throughput screening and strain selection.,https://microbeonline.com/wp-content/uploads/2022/06/PIXL.jpg
Automated colony picking systems," Automated colony picking systems select and transfer individual microbial colonies from agar plates to various formats, such as microplates or tubes. They streamline colony picking and increase throughput in bioprocessing.",https://www.kbiosystems.com/Files/1.361889Ultraseal_K8_main.jpg
Automated liquid chromatography systems:," Automated liquid chromatography systems automate the separation, purification, and analysis of biomolecules using liquid chromatography techniques. They improve efficiency and reproducibility in chromatographic processes.",https://vertassets.blob.core.windows.net/image/55a12955/55a12955-8ed4-474f-bc02-c9daebfc5f44/akta_process_image.jpg
Automated liquid handling systems,"Automated liquid handling systems automate liquid transfers, dispensing, and mixing steps in bioprocessing. They improve accuracy, precision, and efficiency in sample preparation, assay setup, or high-throughput screening.",https://encrypted-tbn0.gstatic.com/images?q=tbn:ANd9GcSR9EROLzBLzLROrf3pvpIuaiQCbCWyIybIr563dgaD0n7mASZv_Xs3ECEEy45LpRVMjSk&usqp=CAU
Automated liquid nitrogen systems,"Automated liquid nitrogen systems provide continuous and controlled supply of liquid nitrogen for cryopreservation, cooling, or freezing applications in bioprocessing. They are used for long-term storage of cells, tissues, or samples.",https://encrypted-tbn0.gstatic.com/images?q=tbn:ANd9GcTz6a-_IDExoaTIwom_roM51a3fCbkOrZvbtyJo4qxFZQbUocqS7QS50Dqd7Wo5Yw8M50M&usqp=CAU
Automated sample preparation systems,"Automated sample preparation systems automate sample handling, preparation, and processing steps in bioprocessing. They streamline workflows and improve efficiency in sample preparation for analysis or downstream applications.",https://www.labbulletin.com/custom/_MG_8423.jpeg
Batch Fermentation System, System for conducting fermentation in discrete batches.,https://biodifferences.com/wp-content/uploads/2021/12/Batch-Fermentation.jpg
Benchtop centrifuges,"Benchtop centrifuges are compact and versatile centrifugation systems used for sample processing and separation in bioprocessing. They are suitable for small-scale applications, such as sample preparation, cell harvesting, or clarification.",https://profilab24.com/bilder/produkte/normal/de-labor-zentrifugen-mit-vortexfunktion-hettich-tischzentrifuge-rotina-380_a3.jpg
Bioanalyzers," Bioanalyzers are automated systems that analyze and quantify biomolecules, such as nucleic acids or proteins, in bioprocessing. They utilize microfluidic technology and provide rapid and accurate analysis of samples.",https://www.selectscience.net/images/products/7189_2100-Bioanalyzer3.jpg
Biofilm reactors,"Biofilm reactors facilitate the growth and study of biofilms, which are communities of microorganisms attached to surfaces. They simulate biofilm formation in industrial processes and aid in understanding biofilm-related phenomena.",https://www.mdpi.com/microorganisms/microorganisms-08-00679/article_deploy/html/images/microorganisms-08-00679-g001.png
Biogas Digester, System for anaerobic fermentation of organic materials to produce biogas.,https://www.kriegfischer.de/fileadmin/anlagen/referenzanlagen/A-F/Dinteloord/Dinteloord_Biogasanlage.JPG
Biogas Digester, System for anaerobic fermentation of organic materials to produce biogas.,https://www.kriegfischer.de/fileadmin/anlagen/referenzanlagen/A-F/Dinteloord/Dinteloord_Biogasanlage.JPG
Bioluminescence imaging systems," Bioluminescence imaging systems capture and analyze bioluminescent signals emitted by cells or organisms. They are used for non-invasive monitoring of gene expression, cell tracking, or studying biological processes in vivo.",https://www.researchgate.net/publication/5563807/figure/fig10/AS:650036333539379@1531992147616/Bioluminescence-in-vivo-imaging-system-The-Xenogen-In-Vivo-Imaging-System-IVIS.png
Biomass sensors," Biomass sensors measure the biomass or cell density in bioprocessing. They provide real-time monitoring of cell growth, viability, or productivity and aid in process control and optimization.",https://www.bpes.co.uk/wp-content/uploads/2020/06/Standard-Futura-3.png
Bioreactor, Equipment for large-scale fermentation and cell culture.,https://www.researchgate.net/publication/315718317/figure/fig2/AS:963548331130887@1606739232678/Bioreactor-setup-for-fermentation-with-in-line-product-extraction-pertraction-The.gif
Bioremediation systems,"Bioremediation systems use microorganisms or enzymes to degrade or detoxify pollutants in environmental bioprocessing. They can be used for wastewater treatment, soil remediation, or pollutant removal in bioprocessing industries.",https://media.springernature.com/full/springer-static/image/art%3A10.1038%2Fs41467-023-37070-2/MediaObjects/41467_2023_37070_Fig1_HTML.png
Biosafety cabinets,"Biosafety cabinets provide a controlled environment for working with hazardous materials or pathogens in bioprocessing. They protect operators, samples, and the environment from potential contamination or exposure risks.",https://brindapharma.com/wp-content/uploads/2022/11/Bio-Safety-Cabinet-5.jpg
Cell counters with viability staining, Cell counters with viability staining provide automated cell counting while simultaneously assessing cell viability using fluorescent dyes. They offer a rapid and reliable method for monitoring cell cultures.,https://d2jx2rerrg6sh3.cloudfront.net/image-handler/picture/2020/4/art1-1-1.jpg
Cell culture bags, Cell culture bags are flexible containers used for large-scale cell culture or production of biomolecules. They provide a convenient and cost-effective alternative to traditional cell culture vessels.,"https://assets.fishersci.com/TFS-Assets/CCG/Corning,-Inc./product-images/FCATMT9120086.jpg-650.jpg"
Cell culture bioreactors," Cell culture bioreactors provide a controlled environment for the growth of cells in suspension or adherent cultures. They are used for large-scale production of cells, recombinant proteins, or viral vectors in bioprocessing.",https://rreyeirs.sirv.com/infors-ht/configurator/image/bioreactor_cell_culture_555x347.jpg
Cell disruption systems," Cell disruption systems are used to break open cells and release intracellular components in bioprocessing. They can employ methods such as high-pressure homogenization, ultrasonication, or bead milling.",https://encrypted-tbn0.gstatic.com/images?q=tbn:ANd9GcRmH9GJ-A-gR2mMTcz5oB8TD4-H8PXpuz6o-Wo8ZrR-5ph_a5JPWezEEF8-LOEs6WUzXvM&usqp=CAU
Centrifuge ,Equipment for separating solid and liquid phases in fermentation products.,https://houstondynamic.com/wp-content/uploads/2022/08/Centrifuge-960x750.jpg
Chromatography columns and resins," Chromatography columns and resins are used for biomolecule purification and separation in bioprocessing. They provide the stationary phase for chromatographic separation based on affinity, size, or charge.",https://www.sigmaaldrich.com/deepweb/assets/sigmaaldrich/marketing/global/images/categories/pharma-and-biopharma-manufacturing/mobius-multi-column-capture-system/mobius-multi-column-capture-system.jpg
Chromatography systems,"Chromatography systems separate and purify biomolecules based on their physicochemical properties. They include techniques such as liquid chromatography (LC), gas chromatography (GC), or affinity chromatography for biomolecule purification.",https://www.sigmaaldrich.com/deepweb/assets/sigmaaldrich/marketing/global/images/categories/pharma-and-biopharma-manufacturing/mobius-chrom-20-system-flexibility/mobius-chrom-20-system-flexibility.jpg
Colony counters,"Colony counters automate the counting and enumeration of microbial colonies on agar plates. They provide accurate and efficient colony counting for microbial identification, antibiotic susceptibility testing, and quality control.",https://encrypted-tbn0.gstatic.com/images?q=tbn:ANd9GcRrOdss3V4oBsIjJ49WihegjZZxfyBd90mx9uwMFKe7NEknKfT8I-blgwDQnnyeqkVNYB0&usqp=CAU
Colony imaging systems," Colony imaging systems capture images of microbial colonies for analysis, counting, or characterization. They automate the colony imaging process and facilitate high-throughput screening and colony phenotyping in bioprocessing.",https://journals.sagepub.com/cms/10.1177/2211068216676587/asset/images/large/10.1177_2211068216676587-fig1.jpeg
Colony PCR systems, Colony PCR systems combine colony picking and PCR amplification in a single automated process. They enable the rapid screening and identification of recombinant clones or mutants in bioprocessing.,https://www.researchgate.net/publication/259539047/figure/fig1/AS:297227391127552@1447875940127/Schematic-illustration-of-the-single-tube-colony-PCR-for-microalgae-1-Algal-cells-were.png
Continuous bioprocessing systems,"Continuous bioprocessing systems allow continuous operation of bioprocesses, eliminating the need for batch processing. They offer increased productivity, reduced processing time, and improved process control.",https://www.genengnews.com/wp-content/uploads/2021/04/GEN40_Bioprocessing_Genentech_ManufacturingVacaville--scaled-e1619466350156.jpg
Continuous Fermentation System,System for conducting fermentation continuously without interruption.,https://www.brewer-world.com/wp-content/uploads/2019/04/Krones-Dynamic-Fermentation.jpg
Continuous flow centrifuges,Continuous flow centrifuges separate particles or cells from liquid suspensions in a continuous manner. They are used in large-scale bioprocessing for continuous cell separation or cell harvesting.,https://bioprocessintl.com/wp-content/uploads/2018/04/Centrifuge-Clarifier-Separator-FSI-_tcm11-23696.jpg
Cooling System ,System for maintaining low temperatures during fermentation.,https://northslopechillers.com/wp-content/uploads/2019/07/shutterstock_441765124-resized-01.jpg
Cryopreservation equipment,"Cryopreservation equipment includes programmable freezers, cryogenic storage tanks, and cryoprotective agents used for the long-term storage of cells, tissues, or biological samples at ultra-low temperatures.",https://www.labbulletin.com/custom/optimised%20GMP%20grade%20cryopreservation.jpg
Differential scanning calorimeters (DSC),"DSC instruments measure the thermal stability and transitions of biomolecules in bioprocessing. They provide information about protein folding, aggregation, and stability under different temperature conditions.",https://encrypted-tbn0.gstatic.com/images?q=tbn:ANd9GcSG3wGNgO2edCspFVN0_fFYsLt93BTRjuP_Z3zk5FjD346bZ7bRYwFqs2AyMmZ0IJLtjGE&usqp=CAU
Dissolution testing systems, Dissolution testing systems evaluate the release rate of active pharmaceutical ingredients from solid dosage forms. They ensure the quality and performance of oral solid dosage forms in bioprocessing.,https://www.sotax.com/fileadmin/user_upload/2021-08-04%20SOTAX%20Bilder/1%20Dissolution/USP%204/SOTAX_Dissolution_USP4_CE7smart_AR52-41.jpg
Dissolved Oxygen Probe,Sensor for measuring and monitoring the dissolved oxygen levels in fermentation vessels.,https://assets-sensors.hamiltoncompany.com/Images-Category-Group/_thumbnail/Polarographic_DO_Main.jpg?v=1677086542
DNA sequencers," DNA sequencers analyze the nucleotide sequence of DNA samples, enabling genetic analysis, sequencing of genomes, and identification of genetic variations or mutations in bioprocessing.",https://upload.wikimedia.org/wikipedia/commons/8/88/DNA-Sequencers_from_Flickr_57080968.jpg
Electroporation systems," Electroporation systems apply electric pulses to cells or tissues, creating temporary pores in their membranes for the introduction of nucleic acids or other molecules. They are widely used for genetic transformation and gene delivery in bioprocessing.",https://bioprocessintl.com/wp-content/uploads/2021/03/precigen-ultraporator.jpg
Evaporators,"Evaporators remove solvents or liquid components from samples or solutions by evaporation. They are used for sample concentration, solvent removal, or preparation of concentrated samples in bioprocessing.",https://upload.wikimedia.org/wikipedia/commons/1/15/Evaporator.jpg
Fermentation Air Compressor,Compressor for supplying compressed air to fermentation systems.,https://www.thecompressedairblog.com/hubfs/Air%20Compressor%20Set-Up.png
Fermentation Air Filtration Unit, Unit for filtering and purifying air supplied to fermentation systems.,https://image.made-in-china.com/202f0j00hdFluyzJiobO/Aseptic-Air-Filtration-System-for-Fermentation.webp
Fermentation Air Filtration Unit,Unit for filtering and purifying air supplied to fermentation systems.,https://image.made-in-china.com/202f0j00hdFluyzJiobO/Aseptic-Air-Filtration-System-for-Fermentation.webp
Fermentation Air Pump, A small pump used in some fermentation setups to control airflow and create an anaerobic environment.,https://image.made-in-china.com/2f0j00cYObGlDRhwog/Air-Operated-Wastewater-From-Fermentation-Industry-Diaphragm-Pump.webp
Fermentation Air Pump, A small pump used in some fermentation setups to control airflow and create an anaerobic environment.,https://image.made-in-china.com/2f0j00cYObGlDRhwog/Air-Operated-Wastewater-From-Fermentation-Industry-Diaphragm-Pump.webp
Fermentation Autoclavable Bag,Bag for sterile and aseptic fermentation of liquid and solid materials.,https://www.glbrc.org/sites/default/files/educational-materials/Ferm-in-Bag_0.png
Fermentation Autoclavable Bag,Bag for sterile and aseptic fermentation of liquid and solid materials.,https://www.glbrc.org/sites/default/files/educational-materials/Ferm-in-Bag_0.png
Fermentation Autoclavable Bag,Bag for sterile and aseptic fermentation of liquid and solid materials.,https://www.glbrc.org/sites/default/files/educational-materials/Ferm-in-Bag_0.png
Fermentation Biomass Dryer,Equipment for drying and processing fermented biomass.,https://encrypted-tbn0.gstatic.com/images?q=tbn:ANd9GcTzjB37VZR2Io77s9zhEJ1uRrdcBKvT15I2lQ&usqp=CAU
Fermentation Crock,A container for fermenting vegetables and sauerkraut.,https://i.pinimg.com/736x/74/b2/63/74b263beb258347f1e866b8c4ccd1852--fermentation-crock-canning.jpg
Fermentation Cryostat, Device for maintaining low temperatures in fermentation experiments.,https://www.amazonfilters.com/hubfs/amz01/Pages/Industry/Fermentation/optimise-fermentation-without-the-cost.jpg
Fermentation Foam Probe,Probe for detecting and controlling foam formation during fermentation.,https://www.drexelbrook.com/-/media/ametekdrexelbrook/articles/foam-level-in-bioreactor-vessels_599x214.jpg?la=en&revision=e7a5e90c-a993-4179-bd3c-5e0a541dc35a&hash=8BF8F078794EC77CCB13DCBDA7F66A77
Fermentation Gas Analyzer, Instrument for analyzing gas compositions and concentrations in fermentation systems.,https://encrypted-tbn0.gstatic.com/images?q=tbn:ANd9GcTNz2qOYt-DEG4awcY8vmxHSlQC0xQY_61DVkjbEPMCfQ_YG1K-
Fermentation Heat Exchanger Coil, Coil for transferring heat between fermentation media and a heat source.,https://encrypted-tbn0.gstatic.com/images?q=tbn:ANd9GcQOJ5KyEJo_gFvY2Y070RLJsVRDnPRcM5dbsjPM72LJbGz7puZpMMYaJvAlUkJy8qqMku4&usqp=CAU
Fermentation Heat Recovery Boiler,Boiler for recovering and utilizing waste heat generated during fermentation.,https://encrypted-tbn0.gstatic.com/images?q=tbn:ANd9GcS0kjOEuUnZWRqaETIHaY5jdQJ1J8ncHTKpCXzHvj2hDOnLKNXWHnsBvQ-58Me4Ni0ocAM&usqp=CAU
Fermentation Jar, Container with airtight seal for fermenting various foods.,https://m.media-amazon.com/images/I/71r17da8I3S.jpg
Fermentation Jar, Container with airtight seal for fermenting various foods.,https://m.media-amazon.com/images/I/71r17da8I3S.jpg
Fermentation Microfiltration Unit, Unit for filtering and clarifying fermentation liquids using microfiltration membranes.,https://meckey.com/upload/technology/20220523/007c84d801ffc2c71282ab6f32812139.png
Fermentation Microfiltration Unit, Unit for filtering and clarifying fermentation liquids using microfiltration membranes.,https://meckey.com/upload/technology/20220523/007c84d801ffc2c71282ab6f32812139.png
Fermentation Microfiltration Unit, Unit for filtering and clarifying fermentation liquids using microfiltration membranes.,https://meckey.com/upload/technology/20220523/007c84d801ffc2c71282ab6f32812139.png
Fermentation Process Automation System,System for automating and controlling fermentation processes.,https://encrypted-tbn0.gstatic.com/images?q=tbn:ANd9GcQO4CmTDVSB3z0WSTzE1mpo8H_tINxBMiC4zkDSaH-2YjWPnVOh
Fermentation Rotary Evaporator,Instrument for evaporating solvents from fermented solutions.,https://image.made-in-china.com/202f0j00euDkqEOJELcV/Chemical-Pharmaceutical-Single-Layer-Steam-Heating-Fermentation-Agitated-Glass-Reactor.webp
Fermentation Seed Tank,Tank for propagating and expanding starter cultures in preparation for large-scale fermentation.,https://5.imimg.com/data5/UJ/GH/MY-45303142/seed-fermenter-500x500.jpg
FERMENTATION TOOLS ,DISCRIPTION,IMAGE LOCATION
Fermentation Tray Dryer,Equipment for drying and processing fermented solids.,https://cpimg.tistatic.com/07892041/b/4/Tray-Dryer.jpg
Fermentation Ultrasonic Processor, Instrument for disrupting and lysing cells in fermentation.,https://encrypted-tbn1.gstatic.com/images?q=tbn:ANd9GcQPOmUl7xGYvpDCIpkIig1h6U7ESCbLnkIer4xShnWPYEouQ1IH
Fermentation Vessel,Container for industrial-scale fermentation processes.,https://www.emersonautomationexperts.com/wp-content/uploads/2021/01/valve-ports-fermentation-process.png
Fermentor controllers," Fermentor controllers monitor and regulate various parameters in bioreactors, such as temperature, pH, dissolved oxygen, and agitation speed. They enable precise control of the fermentation process for optimal cell growth and product formation.",https://media.licdn.com/dms/image/C5612AQFS1iC15M9Jpg/article-inline_image-shrink_1000_1488/0/1620465715350?e=1693440000&v=beta&t=J0D5tl8LBXVlgX0t8hTvdkBIgzyoCKQy9MMvC35fPVE
Filtration Membrane,Thin membrane used for separating particles in fermentation liquids.,https://meckey.com/upload/technology/20220523/007c84d801ffc2c71282ab6f32812139.png
Filtration Unit,Device for filtering solids or impurities from fermented liquids.,https://www.hongtekfiltration.com/fckeditor/php/upload/image/20210824/1629815898207809.jpg
Flow cytometry sorters, Flow cytometry sorters not only analyze but also sort cells or particles based on their characteristics. They enable the isolation of specific cell populations for downstream analysis or culture in bioprocessing.,https://research.pasteur.fr/wp-content/uploads/2018/03/research_pasteur-symphony-a5-cytometer-facsymphony-a5.jpg
Flow-through cell culture systems,"Flow-through cell culture systems provide continuous flow of media over adherent cells in bioprocessing. They mimic physiological conditions, enable long-term cell culture, and find applications in tissue engineering or drug screening.",https://www.researchgate.net/publication/233726652/figure/fig2/AS:708509981241345@1545933351769/A-A-schematic-representation-of-a-flow-chamber-including-a-toric-gasket-The-silanized.png
Flow-through dialysis systems,"Flow-through dialysis systems remove small molecules, salts, or buffer components from samples by continuous dialysis in bioprocessing. They are used for buffer exchange, sample desalting, or purification.",https://www.researchgate.net/publication/331368540/figure/fig1/AS:760662858940417@1558367566888/Bioreactor-design-The-flow-goes-through-the-apical-chamber-blue-arrows-where-the-cell.png
Fluorescence microscopes,"Fluorescence microscopes visualize and analyze fluorescently labeled samples in bioprocessing. They enable the observation of cellular structures, protein localization, or dynamic processes in living cells.",https://microbiologynote.com/wp-content/uploads/2020/07/fluoroscent-microscope.jpg
Foam Control Agent,Chemical additive to prevent excessive foaming in fermenters.,https://fluidhandlingpro.com/wp-content/uploads/2018/01/Foam-Control_Related-1.jpg
Gas Analyzer,Instrument for analyzing and monitoring gas compositions in fermentation.,https://www.hidenanalytical.com/wp-content/uploads/2020/05/Fermentation-1024x683.jpg
Gas analyzers for dissolved gases,"Gas analyzers designed for dissolved gases measure the concentration of dissolved oxygen, carbon dioxide, or other gases in liquid samples. They are used for monitoring dissolved gas levels in bioprocessing.",https://www.srigc.com/cn/content/32/large/1372421469.jpg
Gas Chromatography System,Analytical instrument for separating and analyzing volatile compounds in fermentation products.,https://d2jx2rerrg6sh3.cloudfront.net/image-handler/picture/2020/10/shutterstock_51050179.jpg
Gas Chromatography System,Analytical instrument for separating and analyzing volatile compounds in fermentation products.,https://d2jx2rerrg6sh3.cloudfront.net/image-handler/picture/2020/10/shutterstock_51050179.jpg
Gas chromatography-mass spectrometry (GC-MS) systems," GC-MS systems combine gas chromatography with mass spectrometry detection for the analysis of volatile compounds in bioprocessing. They are used for metabolite profiling, environmental monitoring, and aroma analysis.",https://upload.wikimedia.org/wikipedia/commons/4/47/GCMS_closed.jpg
Gas Scrubber, Equipment for removing impurities from gas streams generated in fermentation.,https://5.imimg.com/data5/SELLER/Default/2023/3/295048071/NB/HQ/IZ/37030424/industrial-gas-scrubber-500x500.jpeg
Gel documentation systems," Gel documentation systems are used to capture and analyze images of gels or blots in bioprocessing. They enable visualization and quantification of nucleic acids, proteins, or other molecules separated by electrophoresis.","https://static.wixstatic.com/media/3f342e_bc1b7470d0cf42fc8523e15b2b23d32c~mv2.jpg/v1/fit/w_500,h_500,q_90/file.jpg"
Gel electrophoresis systems," Gel electrophoresis systems separate biomolecules, such as nucleic acids or proteins, based on their size and charge. They are used for DNA or protein analysis, DNA fragment sizing, and purification of DNA or RNA samples.",https://cdn.globalso.com/gelepchina/sdc.jpg
Gene synthesis instruments," Gene synthesis instruments enable the rapid and accurate synthesis of DNA sequences. They are used for gene cloning, protein engineering, and synthetic biology applications in bioprocessing.",https://encrypted-tbn0.gstatic.com/images?q=tbn:ANd9GcTVFEqpH74vZrIgBYewQM8H9UvmfYZ0KftghU_yS6_2y9iOEiOtDLZQV0Q5EPVlZvc7cLk&usqp=CAU
Granulation Machine,Equipment for granulating and pelletizing fermented materials.,https://encrypted-tbn0.gstatic.com/images?q=tbn:ANd9GcQKO73SzlQb3xy_PYX9eJcq6LiIdQT2eXufqIgOaPqxGUyqLfCZu0V-Nd3ac5xLyXD6lcE&usqp=CAU
Harvesting System, Machinery for separating and collecting fermented biomass or products.,https://encrypted-tbn0.gstatic.com/images?q=tbn:ANd9GcRyFHKXgosR2IKuAmIsT_V9GLJAPYHVHGpn3_umSMVbZ4PbIbvVeyvzvUykG4BBGMcOcVM&usqp=CAU
Harvesting Tank,Tank for collecting and storing harvested fermentation products.,https://img.directindustry.com/images_di/photo-g/107197-14410673.jpg
Heat Exchanger, Device for controlling temperature by exchanging heat between process fluids.,https://www.barriquand.com/wp-content/uploads/2021/01/img_barriquand_multistream_platular_heat_exchanger.jpg
Heat Recovery System,System for capturing and utilizing waste heat generated during fermentation.,https://encrypted-tbn0.gstatic.com/images?q=tbn:ANd9GcSn4l5HsTnOkTMkSa-owGAvK88RN0XzEj7vwpR95NN0iOU9znmhlUtk-2R_ScCiAKvAZj0&usqp=CAU
Heat Shrink Tunnel,Equipment for applying heat shrinkable film to fermentation products.,https://upload.wikimedia.org/wikipedia/commons/thumb/1/18/SSF_Costco_bakery_pastry_packaging_line.JPG/1200px-SSF_Costco_bakery_pastry_packaging_line.JPG
High-Pressure Fermentation System, System for conducting fermentation under high-pressure conditions.,https://image.made-in-china.com/202f0j00bdcaAMkqkTpw/High-Pressure-Fermentater-Reactor-for-Pharmaceutical-Fermentation.webp
High-speed centrifuges,"High-speed centrifuges are used for the rapid separation of biomolecules or particles based on their density. They are capable of achieving high g-forces, enabling efficient separation in a short period.",https://encrypted-tbn0.gstatic.com/images?q=tbn:ANd9GcTPZx3c7ZLR_FlmDQqfM1qqCg7azhQ1yu4e5f9YiReYbLhAbbVCMGXBYyQC0cpPD8azEyI&usqp=CAU
Homogeneous assay systems," Homogeneous assay systems provide a simple and rapid method for analyzing biomolecular interactions and enzymatic activities in bioprocessing. They eliminate the need for separation steps, making them suitable for high-throughput screening.",https://www.researchgate.net/publication/332320259/figure/fig5/AS:746066651648008@1554887559967/Simplified-mechanisms-of-heterogeneous-left-and-homogeneous-assay-principles-using.jpg
Homogenizer,Instrument for breaking down and emulsifying fermented materials.,https://image.made-in-china.com/2f0j00cozgueDFhLbH/Homogenizer-Tank-Homogeniser-Tank-Emulsifying-Tank-Detergent-Tank-Fermentation-Tank.jpg
Homogenizers," Homogenizers disrupt or break down samples to achieve uniform particle size, dispersion, or emulsification in bioprocessing. They are used for sample preparation, cell lysis, or emulsion formation.",https://microbeonline.com/wp-content/uploads/2022/09/Homogenizers.png
HPLC systems," High-performance liquid chromatography (HPLC) systems separate and analyze biomolecules based on their interactions with a stationary phase and mobile phase. They are widely used for biomolecule purification, analysis, and quality control.",https://encrypted-tbn0.gstatic.com/images?q=tbn:ANd9GcSkI4RDfoeFsjNandDqmXcKms2yWfPV6MYOC-itkk98yOD8PBeoRzACZL0cgFcTd0C8iKU&usqp=CAU
Hydrogenation systems, Hydrogenation systems facilitate hydrogenation reactions for the synthesis or modification of compounds in bioprocessing. They provide controlled hydrogenation conditions and are used in chemical or pharmaceutical industries.,https://i.ytimg.com/vi/dikZqt3GDYw/maxresdefault.jpg
Imaging flow cytometers,"Imaging flow cytometers combine the capabilities of traditional flow cytometry with imaging technology. They enable the analysis and imaging of individual cells, providing detailed information about cell morphology, fluorescence, and cellular events.",https://www.mdpi.com/ijms/ijms-21-02323/article_deploy/html/images/ijms-21-02323-g001.png
Immunoassay kits, Immunoassay kits are used for the detection and quantification of specific proteins or biomarkers in bioprocessing. They utilize antigen-antibody interactions for sensitive and selective analysis.,https://www.enzolifesciences.com/fileadmin/redacteur/bilder/Platforms/Immunoassay_and_Assay_Development/Immunoassay_kits/2013-08-Header-Immunoassay-Kits.png
Incubators,"Incubators provide a controlled environment for cell culture, microbial fermentation, or the growth of microorganisms in bioprocessing. They maintain optimal temperature, humidity, and gas conditions to support cell growth and product formation.",https://www.scimetricsinc.com/images/detailed/2/H3501-feature-diagram2.gif
Industrial Fermentation Biorefinery, Integrated facility for large-scale fermentation and downstream processing.,https://i.ytimg.com/vi/xDxCk2lfn3U/maxresdefault.jpg
Industrial Fermentation Microscope,Microscope for visual inspection of fermentation processes at an industrial scale.,https://3.imimg.com/data3/OR/IA/MY-9785549/fermentation-equipments-500x500.jpg
Inline Mixer ,Device for mixing and blending ingredients in a continuous fermentation process.,https://image.made-in-china.com/202f0j00TZNEdKURZObf/Water-and-Powder-Mixing-Pump-high-shear-inline-mixer-.webp
Inoculation Needle, Tool for introducing inoculum into fermentation vessels.,https://pim-resources.coleparmer.com/product/l/inoculating-needle-and-loops-2984.jpg
Ion Exchange Column,Column for removing or exchanging ions in fermentation solutions.,https://encrypted-tbn0.gstatic.com/images?q=tbn:ANd9GcT6ymNUT-rlU9JX_sCI8o2345uKnQa8yD7FambVnY4i4ttbwpwABXTaZGuqHeCv8HlerEs&usqp=CAU
Ion Exchange Column,Column for removing or exchanging ions in fermentation solutions.,https://encrypted-tbn0.gstatic.com/images?q=tbn:ANd9GcT6ymNUT-rlU9JX_sCI8o2345uKnQa8yD7FambVnY4i4ttbwpwABXTaZGuqHeCv8HlerEs&usqp=CAU
Liquid Chromatography-Mass Spectrometry System, Integrated system for separating and analyzing compounds in fermentation products.,https://www.nebiolab.com/wp-content/uploads/2019/10/lcms-card.webp
Liquid Dispenser,Device for accurately dispensing liquids into fermentation vessels.,https://bioevopeak.com/wp-content/uploads/2021/06/Laboratory-Use-Liquid-Dispenser-Bottle-Top-Dispenser-03-500x500.jpg
Liquid Level Sensor,Sensor for monitoring and controlling liquid levels in fermentation vessels.,https://www.sapconinstruments.com/files/Fermentation-Tank-Level-Sensor-Applications-in-Brewery-Industry.webp
Liquid Nitrogen Dewar ,Container for storing and transporting liquid nitrogen used in fermentation.,https://image.made-in-china.com/44f3j00qGkVvmAMEEpP/Bulk-Liquid-Nitrogen-Dewar-Price-of-Cryogenic-Tank.webp
Liquid Sampler,Device for collecting representative samples from fermentation vessels.,https://encrypted-tbn0.gstatic.com/images?q=tbn:ANd9GcSC72e2Z4JehOe5iCjn49hCGWqxSEVUC_pXShkQm_pH1bA0HvV8z7P13qWuCCgTzb3RV20&usqp=CAU
Liquid Storage Tank,Tank for storing fermented liquids before further processing or packaging.,https://image.made-in-china.com/2f0j00BQjGpTNMEmcv/Large-Beer-Fermenter-Tank-for-Industrial-Fermentation-Process.webp
Lyophilization systems," Lyophilization systems, also known as freeze-drying systems, are used to remove water from sensitive materials while preserving their structure and activity. They are commonly used for the drying of pharmaceuticals, vaccines, and biologics.",https://image2.slideserve.com/4523095/lyophilizer-units-l.jpg
Magnetic Stirrer, Instrument for stirring and mixing fermentation solutions using a magnetic field.,https://image.made-in-china.com/202f0j00asCEMgOyLjrS/Magnetic-Stirring-Fermentation-Tank-for-Vaccine.jpg
Mass Spectrometer,Analytical instrument for identifying and quantifying compounds in fermentation products.,https://encrypted-tbn0.gstatic.com/images?q=tbn:ANd9GcRqPVrXqsHZjFd6Le4155TOBipjtw1RokBxY_HMOb7TQTxCys23hT5qH_80KeY2J88FjvI&usqp=CAU
Mass Spectrometer,Analytical instrument for identifying and quantifying compounds in fermentation products.,https://encrypted-tbn0.gstatic.com/images?q=tbn:ANd9GcRqPVrXqsHZjFd6Le4155TOBipjtw1RokBxY_HMOb7TQTxCys23hT5qH_80KeY2J88FjvI&usqp=CAU
Membrane Bioreactor ,Bioreactor that combines membrane filtration and fermentation processes.,https://www.thembrsite.com/imager/teaserimages/80824/MBR-JJ-iMBR-scheme-2-b24cd2d6db.png
Microarray printers," Microarray printers precisely deposit samples or biomolecules onto microarray slides or chips. They are used in DNA microarray analysis, protein microarrays, or high-throughput screening applications.",https://www.researchgate.net/publication/259959772/figure/fig1/AS:213988345421825@1428030205163/a-A-robotic-microarray-spotter-was-used-to-rapidly-print-droplets-consisting-of-hMSCs.png
Microarray scanners," Microarray scanners detect and analyze the fluorescence or chemiluminescence signals generated from microarrays. They are commonly used in gene expression analysis, mutation detection, and protein profiling.",https://media.biocompare.com/m/37/images/innoscan-710-ir--710-ir-al-microarray-scanner-1050935-400x300.jpg?ts=638224435653198620
Microbial detection systems,"Microbial detection systems detect and quantify microorganisms in bioprocessing samples or environments. They use various techniques, such as PCR, immunoassays, or biosensors, for rapid and sensitive microbial detection.",https://www.sigmaaldrich.com/deepweb/assets/sigmaaldrich/marketing/global/images/technical-documents/articles/microbiological-testing/bioburden-testing/ez-fluo-system-camera-beside/ez-fluo-system-camera-beside.jpg
Microbial fermentation monitoring systems,"Microbial fermentation monitoring systems provide real-time monitoring of key parameters such as biomass, dissolved oxygen, pH, and substrate concentration during microbial fermentation processes.",https://www.genengnews.com/wp-content/uploads/2019/05/May9_2019_Getty_545879619_ManInLabWithFermenter.jpg
Microbial identification systems," Microbial identification systems identify and classify microorganisms based on their genetic or phenotypic characteristics. They aid in microbial identification, species confirmation, and taxonomy in bioprocessing.",https://encrypted-tbn0.gstatic.com/images?q=tbn:ANd9GcT4q4hpxO2y2q9Qiyyv3FQpY2fNXF4gIDeicXK0F4_KLF-GB0MUqZyejfFdQ3XhLb7xQos&usqp=CAU
Microbioreactors,"Microbioreactors miniaturize bioreactors, enabling parallel processing of multiple small-scale cultures. They are used for high-throughput screening, process optimization, or rapid process development in bioprocessing.",https://encrypted-tbn0.gstatic.com/images?q=tbn:ANd9GcRaCgmEeSmdP9kds0vtYkmybEmUDQjokxrD5-VEFah6M1SvWXFobFRolc5oHbbp9hfxi6M&usqp=CAU
Microencapsulation systems,"Microencapsulation systems encapsulate active ingredients or cells within small particles or capsules. They protect sensitive materials, enable controlled release, and find applications in drug delivery or cell therapy in bioprocessing.",https://pub.mdpi-res.com/processes/processes-08-00889/article_deploy/html/images/processes-08-00889-ag.png?1595836705
Microfluidic devices," Microfluidic devices manipulate small volumes of fluids in microscopic channels and chambers. They enable precise control of fluid flow, mixing, and reaction conditions, and find applications in lab-on-a-chip systems and microscale bioprocessing.",https://pub.mdpi-res.com/micromachines/micromachines-09-00394/article_deploy/html/images/micromachines-09-00394-g006-550.jpg?1570350308
Microplate washers ,"Microplate washers automate the washing steps in microplate-based assays. They remove unbound substances or reagents from wells, ensuring accurate and reproducible results.",https://cdn.shopify.com/s/files/1/1665/2193/collections/405verify_magnified.jpg?v=1483400220
Moisture analyzers ,"Moisture analyzers determine the moisture content of samples or materials in bioprocessing. They find applications in moisture analysis, drying processes, or moisture control in pharmaceutical or food industries.",https://www.sartorius.com/shop/medias/?context=bWFzdGVyfHJvb3R8MzE0NzV8aW1hZ2UvanBlZ3xoNDgvaDNhLzkxOTI0MjYxMTEwMDYuanBnfGUzZTk2N2U1OTgzZTQ0ZWM3NDc1ZmMzYWZjYTgwMzQ0ZWY2OTUyYjYwMjdiMTBmYjIwNmViMDcwMmI1ZGJkYTI
Multi-omics analysis platforms,"Multi-omics analysis platforms integrate multiple ""-omics"" technologies, such as genomics, transcriptomics, proteomics, and metabolomics, to provide a comprehensive view of biological systems in bioprocessing.",https://www.labbulletin.com/custom/connected-analytics-product-web-graphic.jpg
Multi-Stage Fermentor,Fermentation system with multiple stages for complex processes.,https://image.made-in-china.com/202f0j00YQtbNUEyRpkG/Computer-Controlled-Biological-Fermentation-Laboratory-System-Multi-Stage-Independent-Sterilization-Stainless-Steel-Fermenter-Equipment.webp
Nitrogen Blanket System, System for covering fermentation vessels with a layer of nitrogen gas to prevent oxidation.,https://encrypted-tbn0.gstatic.com/images?q=tbn:ANd9GcSjBKHF0WVNS38He9Pca23h10XLXPyiAezWXahKVl_tzp3vtCs4kIR5uE1j6hBpuO3d5BM&usqp=CAU
Nitrogen Blanket System, System for covering fermentation vessels with a layer of nitrogen gas to prevent oxidation.,https://encrypted-tbn0.gstatic.com/images?q=tbn:ANd9GcSjBKHF0WVNS38He9Pca23h10XLXPyiAezWXahKVl_tzp3vtCs4kIR5uE1j6hBpuO3d5BM&usqp=CAU
Nucleic acid extraction systems,"Nucleic acid extraction systems isolate and purify DNA or RNA from various samples in bioprocessing. They utilize methods such as column-based purification, magnetic bead-based extraction, or solid-phase extraction.",https://encrypted-tbn0.gstatic.com/images?q=tbn:ANd9GcRLcU9PPZBgBwVHZ9uDLxlPbyDjECkLlLe8mEfc9ldpNCbD3_62KBNaCuzo0eO2k8DVWiw&usqp=CAU
Nutrient analyzers,"Nutrient analyzers measure the concentration of nutrients, such as sugars, amino acids, or ions, in bioprocessing media or culture supernatants. They provide real-time nutrient monitoring for process control and optimization.",https://www.genengnews.com/wp-content/uploads/2018/10/Flownamics_Fig11861501257.jpg
Nutrient feeders," Nutrient feeders provide controlled and automated feeding of nutrients or additives into bioreactors or culture vessels. They ensure optimal nutrient supply for cell growth, productivity, and process stability.",https://pub.mdpi-res.com/fishes/fishes-06-00074/article_deploy/html/images/fishes-06-00074-g004.png?1639022482
Oxygen Analyzer, Instrument for measuring oxygen levels in fermentation vessels.,https://encrypted-tbn0.gstatic.com/images?q=tbn:ANd9GcSfwoJVByBaG01wrry_bwKJg6iIBW6fHs1aKYtb1gSSMxD9LM50ZbwxQkzGCezQmnHHy_o&usqp=CAU
Oxygen Scavenger,Chemical agent for removing oxygen from fermentation systems.,https://upload.wikimedia.org/wikipedia/commons/5/52/Mitsubishi_Gas_Chemical_oxygen_absorber_Ageless_contents_20090104.jpg
Oxygen sensors,"Oxygen sensors measure the dissolved oxygen concentration in liquid samples or bioreactors. They monitor and control oxygen levels for optimal cell growth, metabolism, or fermentation in bioprocessing.",https://img.directindustry.com/images_di/photo-g/32049-13104068.webp
Particle size analyzers, Particle size analyzers measure and analyze the size distribution of particles in suspensions or emulsions. They are essential for monitoring and controlling particle size during formulation and manufacturing processes in bioprocessing.,https://cdn.labx.com/v2/images/catalog/product/69617/SCP-4905575b-084e-4a93-a4a5-83c8a58f0ce4.webp
PCR thermal cyclers,"PCR thermal cyclers provide precise temperature control for PCR amplification of DNA sequences. They enable rapid and accurate DNA amplification for applications such as gene expression analysis, genotyping, and molecular diagnostics.",https://cdn1.cleaverscientific.com/wp-content/uploads/2021/03/26024123/GTC96-1.WEB_.jpg
Perfusion systems, Perfusion systems provide continuous nutrient supply and waste removal in bioreactors by maintaining a continuous flow of fresh media. They are commonly used for long-term cell culture and production of high-value products.,https://www.researchgate.net/publication/326495079/figure/fig1/AS:661815335866371@1534800480802/Typical-steady-state-perfusion-bioreactor-setup.png
Peristaltic Pump,Pump for delivering precise volumes of fluids in fermentation processes.,https://leadfluid.com/wp-content/uploads/bioreactor.jpg
pH Controller,Device for monitoring and controlling pH levels during fermentation.,https://ars.els-cdn.com/content/image/1-s2.0-B978044464337700015X-f15-01-9780444643377.jpg
pH Electrode,Sensor for measuring and monitoring pH levels in fermentation vessels.,https://5.imimg.com/data5/SELLER/Default/2021/8/JO/EH/PY/55602588/bh1545-500x500.jpg
Pressure Relief Valve,Valve for releasing excess pressure in fermentation vessels to prevent explosions.,https://thumbs.dreamstime.com/z/pneumatic-butterfly-valve-refinery-chemical-plant-pilot-pressure-relief-86298829.jpg
Pressure Transducer,Sensor for measuring and monitoring pressure inside fermentation vessels.,https://cpimg.tistatic.com/04723040/b/6/Differential-Pressure-Transmitters.jpg
Process analytical technology (PAT) systems,"PAT systems integrate online or real-time monitoring and control of critical process parameters in bioprocessing. They enable process optimization, quality assurance, and regulatory compliance.",https://vertassets.blob.core.windows.net/image/06a49a09/06a49a09-0253-4028-8020-061b3ce29b47/sartorius_0421_pg14.png
Protein crystallization systems, Protein crystallization systems provide controlled conditions for the formation of protein crystals. They are used in structural biology to determine the three-dimensional structure of proteins using X-ray crystallography.,https://pubs.acs.org/cms/10.1021/acs.cgd.9b01446/asset/images/medium/cg9b01446_0004.gif
Real-time PCR systems ,"Real-time PCR systems monitor the amplification of DNA in real-time, allowing quantitative analysis of target genes or nucleic acids in bioprocessing. They enable gene expression profiling, pathogen detection, or genotyping.",https://assets.fishersci.com/TFS-Assets/LSG/product-images/QuantStudio-5-right-650x635.jpg-650.jpg
Rheometers," Rheometers measure the flow properties and viscoelastic behavior of fluids or materials in bioprocessing. They are used to characterize the viscosity, shear stress, and deformation of biomaterials or formulations.",https://media.americanpharmaceuticalreview.com/m/28/images/rheolabqc-rotational-rheometer-3416101-400x300.jpg?ts=638200168889092935
Robotic systems for high-throughput screening," Robotic systems automate high-throughput screening processes, including compound handling, plate preparation, and assay setup. They enable efficient screening of large compound libraries for drug discovery or biological research.",https://www.usinenouvelle.com/mediatheque/1/6/9/000173961_896x598_c.jpg
Rotary Disc Dryer ,Equipment for drying fermented solids using rotating discs.,https://encrypted-tbn0.gstatic.com/images?q=tbn:ANd9GcQ0B3_XtXfFFGyBg6k4yS3UrAv1hkKa1JSdfylcRruvTDsRXiGAruooGxw9Mq6wjSnRcEs&usqp=CAU
Rotary Drum Dryer,Equipment for drying fermented solids using rotating drums.,https://upload.wikimedia.org/wikipedia/commons/8/8f/Single_Shell_Rotary_Drum_Dryer.jpg
Rotary Drum Dryer,Equipment for drying fermented solids using rotating drums.,https://upload.wikimedia.org/wikipedia/commons/8/8f/Single_Shell_Rotary_Drum_Dryer.jpg
Rotary Drum Thickener,Equipment for thickening and dewatering fermented solids.,https://www.bdpindustries.com/wp-content/uploads/2023/04/rdt1-1r.jpg
Rotary Drum Thickener,Equipment for thickening and dewatering fermented solids.,https://www.bdpindustries.com/wp-content/uploads/2023/04/rdt1-1r.jpg
Rotovap, Rotary evaporator for removing solvents from fermented solutions under reduced pressure.,https://www.liquor.com/thmb/cndyfedi9b03PZ1Lem7mmvUen_0=/1500x0/filters:no_upscale():max_bytes(150000):strip_icc()/rotovap_Empirical-Spirits-large-scale-rotovap-credit--Time-Spreadbury_720x480-5318f5ae50c64f68b141dc8a1eb9f541.jpg
Rotovap, Rotary evaporator for removing solvents from fermented solutions under reduced pressure.,https://www.liquor.com/thmb/cndyfedi9b03PZ1Lem7mmvUen_0=/1500x0/filters:no_upscale():max_bytes(150000):strip_icc()/rotovap_Empirical-Spirits-large-scale-rotovap-credit--Time-Spreadbury_720x480-5318f5ae50c64f68b141dc8a1eb9f541.jpg
Rotovap, Rotary evaporator for removing solvents from fermented solutions under reduced pressure.,https://www.liquor.com/thmb/cndyfedi9b03PZ1Lem7mmvUen_0=/1500x0/filters:no_upscale():max_bytes(150000):strip_icc()/rotovap_Empirical-Spirits-large-scale-rotovap-credit--Time-Spreadbury_720x480-5318f5ae50c64f68b141dc8a1eb9f541.jpg
Sampling Valve,Valve for withdrawing samples from fermentation vessels for analysis.,https://www.abset.com/vamp/wp-content/uploads/2018/04/unique_sampling_valve_.png
Sieve Shaker,Device for separating and classifying solid particles in fermentation products.,https://pim-resources.coleparmer.com/category/m/laboratory-sieves-and-sieve-shakers.jpg
Solid-State Fermentation Chamber, Chamber for conducting solid-state fermentation processes.,https://encrypted-tbn0.gstatic.com/images?q=tbn:ANd9GcTrO_QO2Tr87cIfxtABz7Y_bYTzvUZZhEt9HJ3UVLqHXwcRUXNrpwjJMVfq5abxu_KfW_E&usqp=CAU
Solvent Recovery System, Equipment for recovering solvents used in fermentation processes.,https://www.globalspec.com/ImageRepository/LearnMore/20171/Solvent_extraction_plant-distillation_section7192ebf731554de7ad4955ff28f5accb.png
Solvent Recovery System, Analytical instrument for separating and analyzing components in fermentation products.,https://www.globalspec.com/ImageRepository/LearnMore/20171/Solvent_extraction_plant-distillation_section7192ebf731554de7ad4955ff28f5accb.png
Sonicators ,"Sonicators use ultrasonic waves for sample processing, dispersion, or cell lysis in bioprocessing. They are effective in breaking down cell structures, emulsification, or particle size reduction.",https://5.imimg.com/data5/SELLER/Default/2021/12/AV/EU/GQ/1666279/image-1--500x500.png
Sparging System,System for introducing gases into fermentation vessels for aeration.,https://www.shinkaifilter.com/wp-content/uploads/2020/10/Picture24.jpg
Spectrofluorometers," Spectrofluorometers measure the fluorescence emission and excitation of molecules in bioprocessing. They are used for quantitative analysis, fluorescence-based assays, or characterization of fluorescent probes.",https://cdn.labx.com/v2/images/catalog/product/4863184/b563c9f2-55e8-4f2c-87fc-0c3eeaf7a92e.webp
Spectrophotometer, Instrument for measuring light absorption and transmission in fermentation samples.,https://encrypted-tbn0.gstatic.com/images?q=tbn:ANd9GcR9mrKxAAqZlNEijx7Cj85wxTaPzmSj_M4D8xqmxGZnVbtswuHauv_rB92rB212y6D1i5U&usqp=CAU
Stability chambers," Stability chambers provide controlled temperature and humidity conditions for the stability testing of pharmaceuticals, biologics, or other sensitive materials in bioprocessing. They ensure product quality and shelf-life determination.",https://cdn.scientificproducts.com/product_images/reach-in-stability-chamber/6228feff3bc53b0068f30c4d/zoom.jpg?c=1646853887
Sterilizer,Equipment for sterilizing fermentation vessels and components.,https://bioengineering.ch/assets/Bilder/Company-Footer/3zu2/_600xAUTO_crop_center-center_75/DSC_2023-3.jpg
Surface plasmon resonance (SPR) systems,SPR systems measure the binding kinetics and affinity of biomolecular interactions in real-time. They are used for label-free analysis of molecular interactions in bioprocessing.,https://www.bioradiations.com/wp-content/uploads/2013/07/efficient-spr-based-fragment-screening-and-small-molecule-affinity-analysis-using-bio-rads-proteon-xpr36-system-feature.jpg
Temperature Controller, Equipment for maintaining precise temperature conditions during fermentation.,https://ars.els-cdn.com/content/image/1-s2.0-S2215017X19300463-gr1.jpg
Tissue culture hoods," Tissue culture hoods, also known as laminar flow hoods, provide a sterile environment for handling and manipulating cells or tissues in bioprocessing. They minimize the risk of contamination during cell culture procedures.",https://cdn.britannica.com/35/101835-004-FAE53808/Tissue-culture-laminar-flow-cabinet-working-conditions.jpg
Transfection systems,"Transfection systems facilitate the introduction of nucleic acids into cells for genetic manipulation or protein expression in bioprocessing. They can be based on chemical methods, electroporation, or viral vectors.",https://bioprocessintl.com/wp-content/uploads/2021/10/19-10-SS-Corning-P1.jpg
tubular Heat Exchange,THeat exchanger consisting of parallel tubes for efficient heat transfer in fermentation.,https://img.interempresas.net/FotosArtProductos/P100252.jpg
tubular Heat Exchange,THeat exchanger consisting of parallel tubes for efficient heat transfer in fermentation.,https://img.interempresas.net/FotosArtProductos/P100252.jpg
Ultrafiltration systems," Ultrafiltration systems separate and concentrate biomolecules or particles based on size using porous membranes. They are used for sample concentration, buffer exchange, or purification in bioprocessing.",https://www.netsolwater.com/netsol-water/assets/img/product-images/Ultra_filtration_advantages_in_Dairy_and_Beverage_Industry.jpg
Ultraviolet Sterilizer ,Device for sterilizing air or surfaces in fermentation environments.,https://www.foodnavigator.com/var/wrbm_gb_food_pharma/storage/images/1/9/1/2/922191-1-eng-GB/Ultraviolet-water-disinfection-systems-in-food-and-beverage.jpg
UV-Vis spectrophotometers,"UV-Vis spectrophotometers measure the absorption or transmission of ultraviolet and visible light by samples in bioprocessing. They are used for quantification, purity analysis, or kinetics studies of biomolecules.",https://www.thermofisher.com/TFS-Assets/MSD/product-images/GENESYS-180-8-cell-changer-840-309000.jpg-650.jpg
Vacuum concentrators," Vacuum concentrators remove solvent or water from samples under reduced pressure. They are used for sample concentration, drying, or solvent removal in bioprocessing.",https://encrypted-tbn0.gstatic.com/images?q=tbn:ANd9GcRsGIzmDIoNRWsEH7YlO-6LY2nZ3unfZ9CMi6TAshjYDdOuqCA5ROQLJaTn5N2mQH0Zqys&usqp=CAU
Vacuum Pump, Equipment for creating a vacuum environment in fermentation vessels.,https://encrypted-tbn0.gstatic.com/images?q=tbn:ANd9GcS2nsqPiAoA6td03ZFNmMwkxWdyAQayKc1QgXCEBgI1W-XIXkBSYeV-8nm1FCLHjxHiZSM&usqp=CAU
Virus filtration systems,Virus filtration systems are specialized filters used to remove viruses from bioprocess streams. They ensure the safety and purity of biopharmaceutical products by effectively capturing and retaining viral particles.,https://agilitech.bio/wp-content/uploads/agilitech-virus-filtration-system-news-images.jpg
Viscometers," Viscometers measure the viscosity and flow properties of fluids in bioprocessing. They help characterize the rheological behavior of solutions, suspensions, or emulsions and ensure optimal process conditions.",https://www.labbulletin.com/design/csm_ViscoQC-300-03_52acda5471.jpg
X-ray diffraction systems,"X-ray diffraction systems analyze the crystal structure of biomolecules, providing valuable information about their conformation and interactions. They are used in structural biology and drug discovery research.",https://encrypted-tbn0.gstatic.com/images?q=tbn:ANd9GcQA7HgRTeR4zNfANZy4jo8C4WEc3nmnQW_cqg9a8h93MAOhwbKyaJlxi1WQUhA-du5U03E&usqp=CAU
Yogurt Maker,Appliance for incubating yogurt cultures.,https://kateris.org/wp-content/uploads/2019/01/pistolia-giaourtis-3.jpg
Adaptive Laboratory Evolution," The process involves continuous cultivation in the presence of selective pressure, such as increasing substrate concentrations or toxic compounds. Over time, microorganisms can acquire genetic changes that confer improved fitness, leading to enhanced product yields or tolerance to challenging process conditions..",https://systemsbiology.ucsd.edu/sites/systemsbiology.ucsd.edu/files/Attachments/for%20what%20we%20do/image001_0.png 
Affinity Chromatography:,"Affinity chromatography exploits the specific interactions between a biomolecule of interest and a complementary ligand immobilized on the stationary phase.The stationary phase can be designed to bind specifically to the target molecule, allowing other unwanted components to be washed away. Elution of the target molecule is achieved by using a competing ligand or changing the conditions to disrupt the specific interaction. Affinity chromatography is highly selective and can be used for the purification of proteins, enzymes, antibodies, and other biomolecules.",https://cdn1.sinobiological.com/styles/default/images/pdyimg/CRO/CRO_protein_info/uu19.png 
Air drying,"Air drying is a simple and cost-effective method of drying where the material is exposed to ambient air, allowing moisture to evaporate. This method is often used for low-value products or samples with low moisture content. However, air drying can be slow and may lead to the loss of volatile components or degradation of sensitive biomolecules.",https://techblog.ctgclean.com/wp-content/uploads/Hot-Air-Dryer-Schematic.jpg 
Anti-solvent Crystallization," Anti-solvent crystallization involves the addition of a non-solvent or an anti-solvent to the solution, causing a decrease in the solubility of the compound and promoting crystallization. The non-solvent reduces the solvent power of the original solution, leading to the precipitation of the solute as crystals. Anti-solvent crystallization is useful when the solute has low solubility in the anti-solvent or when selective precipitation of the solute is desired.",https://ars.els-cdn.com/content/image/1-s2.0-S0927776516305793-fx1.jpg 
Autoclaving,"Autoclaving is a widely used sterilization technique that utilizes high-pressure steam to achieve effective sterilization. The combination of high temperature and pressure effectively kills microorganisms, including bacteria, viruses, and spores. Autoclaves are widely available and can sterilize a wide range of equipment, media, and products. However, heat-sensitive materials may be prone to damage during autoclaving, and certain microorganisms or heat-resistant spores may require extended sterilization cycles or higher temperatures",https://microbeonline.com/wp-content/uploads/2019/10/types-of-Autoclave.jpg 
Batch and Continuous Crystallization,"Crystallization can be performed in batch mode, where a fixed volume of the solution is processed in a single vessel, or in continuous mode, where the solution is continuously fed into the crystallizer, and the crystals are continuously harvested. Continuous crystallization offers advantages such as improved control over crystal size and properties, higher productivity, and reduced batch-to-batch variability",https://static.cambridge.org/binary/version/id/urn:cambridge.org:id:binary:20190613072626419-0522:9781139026949:19618fig12_5.png?pub-status=live 
Chemical cell disruption,"Chemical disruption methods involve the use of chemical agents to disrupt cell membranes and release intracellular components. Detergents are often used in cell lysis buffers to solubilize the lipid membranes and disrupt the cells. Organic solvents can also be employed to disrupt cell membranes by dissolving the lipid bilayers and causing cell lysis. Osmotic shock involves subjecting cells to a sudden change in osmotic pressure, typically by rapidly alternating between hypotonic and hypertonic solutions. This osmotic stress leads to the rupture of the cell membranes and the release of intracellular contents",https://www.mdpi.com/micromachines/micromachines-08-00083/article_deploy/html/images/micromachines-08-00083-g001-550.jpg 
Chemical sterilization,"Autoclaving is a widely used sterilization technique that utilizes high-pressure steam to achieve effective sterilization. The combination of high temperature and pressure effectively kills microorganisms, including bacteria, viruses, and spores. Autoclaves are widely available and can sterilize a wide range of equipment, media, and products. However, heat-sensitive materials may be prone to damage during autoclaving, and certain microorganisms or heat-resistant spores may require extended sterilization cycles or higher temperatures",https://solutionpharmacy.in/wp-content/uploads/2021/07/Types-of-chemical-methods-of-sterilization.jpg 
Chiral Chromatography,"Chiral chromatography separates enantiomers (mirror image isomers) of molecules that possess chirality. It utilizes chiral stationary phases, which can be either based on modified polysaccharides or chiral small molecules. Chiral chromatography is crucial for the separation and analysis of enantiomers in pharmaceuticals, natural products, and other chiral compounds.",https://pubs.rsc.org/en/Content/Image/GA/B808881K 
Cooling Crystalization,"Cooling crystallization is a commonly used technique where the supersaturated solution is gradually cooled to induce crystallization. As the solution temperature decreases, the solute solubility decreases, leading to the formation of crystals. Cooling crystallization is relatively simple and widely applicable but may require careful control to avoid the formation of unwanted impurities or amorphous solids. It is often used for the purification and isolation of compounds from complex mixtures.",https://www.evatherm.com/img/contentbilder/cooling-crystallization-gross.gif 
Crossflow Filtration,"Crossflow filtration is a type of filtration where the liquid or solution flows parallel to the membrane surface. The crossflow creates shear forces that continually sweep away retained particles, preventing the formation of a dense filter cake and reducing fouling. Crossflow filtration is often used in applications where the feed solution contains high levels of suspended solids or when there is a need to concentrate or fractionate molecules without clogging the membrane.",https://www.kerafol.com/_wpframe_custom/gallery/files/wpf_sites_paragraphs_parts/b_rotation-filtrationjpg_1585643621.jpg 
Crystal Growth,"After nucleation, crystal growth takes place, where the crystal nuclei grow in size and develop into well-defined crystals. Crystal growth occurs as solute molecules from the supersaturated solution attach themselves to the crystal surface, leading to an increase in crystal size. The growth rate of crystals can be controlled by adjusting parameters such as temperature, solution composition, stirring rate, and the addition of growth modifiers. Proper control of crystal growth conditions is important to obtain crystals with desired size, shape, and purity.",https://media.springernature.com/lw685/springer-static/image/art%3A10.1038%2Fs41467-020-19882-8/MediaObjects/41467_2020_19882_Fig1_HTML.png 
Depth Filtration," The porous media provide a three-dimensional matrix with interconnected channels that trap particles as the liquid passes through. As the liquid flows through the depth filter, particles are captured by mechanisms such as adsorption, sieving, and entrapment within the matrix. Depth filtration is suitable for removing cells, biomass, and larger particles but may have limited efficiency for fine particulate matter.",https://www.genengnews.com/wp-content/uploads/2018/10/3M_Fig1A_B3828813815.jpg 
Differential Centrifugation,"Differential centrifugation is a common technique used to separate particles or components based on their size and density differences. The sample is subjected to successive rounds of centrifugation at increasing speeds or durations. Each round of centrifugation results in the sedimentation of particles or components of different sizes and densities, leading to their separation. After each centrifugation step, the supernatant is carefully removed, and the pellet containing the sedimented particles is retained for further processing.",https://microbiologynote.com/wp-content/uploads/2021/12/Differential-centrifugation-1-scaled.jpg 
Enzymatic cell disruption,"Enzymatic disruption relies on the use of enzymes to degrade the cell walls and facilitate cell lysis. Enzymes such as lysozyme, which targets the bacterial cell wall, or cellulases, which break down plant cell walls, are commonly employed. These enzymes weaken the structural integrity of the cell walls, making it easier to disrupt the cells and release their intracellular components.",https://ars.els-cdn.com/content/image/1-s2.0-S2211926417303752-fx1.jpg 
Evapouration Crystallization,"Evaporative crystallization involves the gradual removal of the solvent from the solution, either by heating or by reduced pressure, to induce crystallization. As the solvent evaporates, the solute concentration increases, surpassing its solubility limit, resulting in crystal formation. Evaporative crystallization is suitable for compounds with high solubilities and is commonly employed in industries where heat-sensitive materials need to be crystallized.
",https://media.geeksforgeeks.org/wp-content/uploads/20221110124308/CrystallizationProcess.png 
Fluidised bed dryong,"Fluidized bed drying involves suspending the material in a stream of hot air or gas, creating a fluidized bed. The hot air passes through the bed, evaporating the moisture from the material. The fluidized bed provides efficient heat and mass transfer, resulting in faster drying times. Fluidized bed drying is commonly used for granular materials, particles, and pellets in pharmaceutical and chemical industries.",https://ars.els-cdn.com/content/image/1-s2.0-S1364032116300314-gr1.jpg 
Freeze drying,"Freeze drying is a widely used drying technique in bioprocessing, especially for heat-sensitive and delicate materials such as proteins, vaccines, and pharmaceuticals. It involves freezing the material and then subjecting it to a vacuum to remove the frozen water through sublimation. Sublimation is the direct conversion of ice into vapor without passing through the liquid phase. Freeze drying helps to retain the structural integrity and biological activity of the dried product.",https://ars.els-cdn.com/content/image/3-s2.0-B9780123849472003287-f00328-02-9780123849472.jpg 
Gel Filtration Chromatography (Size Exclusion Chromatography)," Gel filtration chromatography separates molecules based on their size and molecular weight. It utilizes a porous stationary phase (gel beads) that allows smaller molecules to enter the pores, resulting in longer residence times, while larger molecules pass through the column more quickly. As a result, larger molecules elute earlier and are collected in the void volume, while smaller molecules elute later and are separated from the larger species. Gel filtration chromatography is often used for desalting, buffer exchange, and fractionation of biomolecules.",https://i.ytimg.com/vi/nIwwJ3H4_D4/hqdefault.jpg 
Genetic Engineering,"Genetic engineering techniques allow for targeted modifications of an organism's genome to introduce or enhance specific functionalities. Recombinant DNA technology enables the introduction of foreign genes or the modification of existing genes to enhance the production of a desired product. Genetic engineering tools include DNA cloning, gene knockout or disruption, gene overexpression, and site-directed mutagenesis.",https://www.researchgate.net/publication/360832515/figure/fig3/AS:11431281095602130@1667954016863/a-Basic-steps-of-genetic-engineering-In-step-1-a-gene-of-interest-consisting-of-a.png
Gradient Centrifugation,"Gradient centrifugation involves the use of density gradients to separate particles or components based on their buoyant densities. A density gradient medium, such as sucrose or cesium chloride, is prepared with a gradient of increasing or decreasing density. The sample is layered onto the top of the gradient and centrifuged. During centrifugation, particles or components migrate through the density gradient until they reach their buoyant density and form distinct bands or fractions. Gradient centrifugation is particularly useful for separating and purifying subcellular organelles, viruses, or nucleic acids.",https://www.beyonddiscovery.org/liquid-chromatography/images/7620_29_18-separation-mixtures-based-density.jpg 
HPLC (High-Performance Liquid Chromatography)," HPLC is a versatile chromatographic technique that employs high-pressure pumps to enhance the separation efficiency and speed. It can incorporate various chromatographic modes, including reversed phase, ion exchange, size exclusion, and affinity chromatography. HPLC is widely used for analytical and preparative purposes in bioprocessing, pharmaceutical analysis, and quality control.",https://chembam.files.wordpress.com/2017/02/hplc.png 
Hydrophobic Interaction Chromatography (HIC),"Hydrophobic interaction chromatography separates molecules based on their hydrophobicity or surface hydrophobic patches. The stationary phase contains hydrophobic groups, such as alkyl chains, which interact with hydrophobic regions of the biomolecules. Elution is achieved by decreasing the hydrophobic interaction, often by reducing the salt concentration or altering the pH. HIC is commonly used for the separation and purification of proteins, especially those with exposed hydrophobic patches",https://thechemistrynotes.com/wp-content/uploads/2023/02/Hydrophobic-interaction-chromatography-HIC.jpg 
Ion Exchange Chromatography,"Ion exchange chromatography separates molecules based on their charge differences. It utilizes a stationary phase containing charged groups that interact with oppositely charged molecules. An ion exchange column can be either anion exchange or cation exchange, depending on whether the stationary phase binds negatively or positively charged molecules, respectively. The bound molecules can be eluted by altering the pH or ionic strength of the mobile phase.  Ion exchange chromatography is commonly used for the separation and purification of proteins, nucleic acids, and other charged biomolecules",https://microbenotes.com/wp-content/uploads/2018/11/Ion-Exchange-Chromatography.jpg 
Isopycnic Centrifugation (Equilibrium Density Gradient Centrifugation),"Isopycnic centrifugation, also known as equilibrium density gradient centrifugation, is used to separate particles or components solely based on their density. A density gradient medium, such as cesium chloride or sucrose, is prepared with a continuous gradient of increasing density. The sample is layered onto the top of the gradient and centrifuged until equilibrium is reached. During centrifugation, particles migrate through the gradient until they reach a position where their density matches the surrounding density of the gradient. At equilibrium, particles float or sink in the density gradient, forming distinct bands or fractions. Isopycnic centrifugation is particularly useful for separating molecules with similar sizes but different densities, such as nucleic acids or lipoproteins.",https://ars.els-cdn.com/content/image/3-s2.0-B978012802823000002X-f02-03-9780128028230.jpg 
Mechanical cell disruption,"Mechanical disruption methods utilize physical forces to disrupt the cell walls and membranes. Homogenization is a widely used mechanical method where cells are mechanically sheared or disrupted using high-speed blades or rotating homogenizers. This process effectively breaks down the cell structure and releases the intracellular components. Sonication is another mechanical disruption technique that utilizes high-frequency sound waves. The sound waves create intense vibrations that disrupt the cells, leading to the release of their contents. Bead milling involves agitating cells in the presence of small beads, which mechanically rupture the cell walls and facilitate the extraction of intracellular components. High-pressure homogenization subjects cells to high-pressure forces, typically through a narrow aperture, which causes the cells to burst and release their contents.",https://www.mdpi.com/fermentation/fermentation-07-00036/article_deploy/html/images/fermentation-07-00036-g001.png 
Media Formulation," Components of growth media typically include carbon sources (e.g., glucose, glycerol), nitrogen sources (e.g., ammonium salts, amino acids), minerals, vitamins, and trace elements. Optimization of growth media involves determining the optimal concentration and ratio of each component to achieve desired growth and productivity.",https://media.springernature.com/lw685/springer-static/image/art%3A10.1186%2Fs43014-022-00098-w/MediaObjects/43014_2022_98_Figa_HTML.png 
Membrane Filtration," Membrane filters can be made of various materials, including cellulose, polymeric materials, or ceramic materials, depending on the specific application requirements. The pore size of the membrane determines the size of particles that can be effectively retained. Common types of membrane filtration include microfiltration (MF), ultrafiltration (UF), nanofiltration (NF), and reverse osmosis (RO), each with different pore size ranges and separation capabilities. Microfiltration is effective for removing larger particles and cells, while ultrafiltration and nanofiltration can separate smaller particles, macromolecules, and proteins. Reverse osmosis is employed for desalination and concentration of solutes by applying pressure to overcome osmotic pressure.",https://i0.wp.com/microbeonline.com/wp-content/uploads/2019/09/Membrane-filtration-technique.jpg?fit=678%2C876&ssl=1 
Metabolic Engineering,"Metabolic engineering involves manipulating the metabolic pathways of microorganisms to enhance the production of desired products or redirect metabolic flux for improved yields.This technique often includes altering the expression or activity of enzymes involved in the target product's biosynthetic pathway. Strategies may include increasing the availability of key precursors, knocking out competing pathways, or introducing novel pathways to maximize product formation.",https://filelist.tudelft.nl/TNW/Afdelingen/Biotechnology/Departments/Industrial%20Microbiology/Jean-Marc%20Daran/DBTL%20751x640.jpg 
Microwave drying,"Microwave drying utilizes microwave energy to generate heat within the material, promoting the evaporation of moisture. Microwave drying offers rapid and uniform drying and is suitable for drying materials with high water content. It is commonly used in food processing, pharmaceuticals, and agriculture for quick and efficient drying",https://ars.els-cdn.com/content/image/3-s2.0-B9780081005965210093-f21009-10-9780081005965.jpg 
Nucleation,"Nucleation is the initial step in the crystallization process, where solute molecules come together to form a stable crystal nucleus. Nucleation can occur through two mechanisms: primary nucleation and secondary nucleation. Primary nucleation involves the spontaneous formation of nuclei from the supersaturated solution, while secondary nucleation occurs when existing crystals act as templates for the formation of new crystals. Nucleation can be influenced by factors such as temperature, solute concentration, impurities, and the presence of nucleating agents.
",https://www.mdpi.com/crystals/crystals-12-00980/article_deploy/html/images/crystals-12-00980-g004.png 
Oven drying,Oven drying involves placing the material in an oven and applying heat to remove moisture. This method is simple and widely accessible but requires careful temperature control to avoid degradation or overheating of the material. Oven drying is commonly used for bulk drying of samples or materials with low moisture content,https://ikrorwxhqjrilj5q.ldycdn.com/cloud/lmBprKkmljSRrjplojjqio/01_bov_t30c_main.jpg 
Pre-filtration,"Pre-filtration steps utilize filters with larger pore sizes to remove larger particles and debris, protecting downstream filters from premature fouling.",https://www.mdimembrane.com/blog/wp-content/uploads/2018/07/ClariPro-GK-1-300x209.jpg 
Protein precipitation,"Protein precipitation is a specific application of precipitation techniques that aims to selectively precipitate proteins from a complex mixture. Various methods are employed for protein precipitation based on the specific properties of the proteins. Some common techniques include altering the pH of the solution, adding organic solvents, or using specific protein precipitants. For example, adjusting the pH to the isoelectric point of a protein can cause it to undergo precipitation due to the loss of net charge. Organic solvents such as trichloroacetic acid (TCA) or polyethylene glycol (PEG) can be used to selectively precipitate proteins based on their solubility in these solvents.",https://www.norlab.com/sites/default/files/Sample%20preparation%20using%20ISOLUTE%20PPT%2B.jpg 
Radiation sterilization,"Radiation sterilization utilizes ionizing radiation, such as gamma rays or electron beams, to achieve sterilization. These forms of radiation have sufficient energy to penetrate materials and damage the DNA of microorganisms, rendering them unable to replicate. Radiation sterilization is commonly used for the sterilization of disposable items, pharmaceuticals, and medical devices. It offers effective sterilization without the use of heat or chemicals. However, it requires specialized equipment and expertise to ensure appropriate dosages and proper shielding to protect operators and the surrounding environment",https://ars.els-cdn.com/content/image/3-s2.0-B9780128144213000142-f14-08-9780128144213.jpg 
Reverse Phase Chromatography (RPC),"Reverse phase chromatography is a type of liquid chromatography that separates molecules based on their hydrophobicity. The stationary phase is nonpolar, and the mobile phase is polar. Hydrophobic molecules interact more strongly with the stationary phase and elute later, while hydrophilic molecules elute earlier. Reverse phase chromatography is widely used in analytical and preparative applications for the separation and purification of hydrophobic compounds, such as lipids, peptides, and pharmaceuticals.",https://ars.els-cdn.com/content/image/3-s2.0-B9780444640468002755-f00275-04-9780444640468.jpg 
Salting out,"It involves the addition of salts, such as ammonium sulfate or sodium chloride, to the solution containing the biomolecules. The salts reduce the solubility of the biomolecules by disrupting their hydration shell and weakening their electrostatic interactions. As a result, the biomolecules aggregate and precipitate out of the solution. The choice of the salt concentration depends on the desired selectivity and precipitation efficiency.",https://ars.els-cdn.com/content/image/3-s2.0-B9780128197639000052-f05-09-9780128197639.jpg 
Screening and Isolation,"Screening involves the identification and selection of microorganisms from natural sources that possess the desired characteristics for a particular bioprocess. Environmental samples, such as soil, water, or plant material, can be screened for microorganisms that produce the desired product or exhibit specific metabolic capabilities. Screening techniques may include culture-based methods, molecular assays, or high-throughput screening approaches.",https://www.learninsta.com/wp-content/uploads/2021/04/Screening-of-Industrially-Important-Microorganism-img-1.png
Seed Crysrtalizastion,"Seed crystallization involves the addition of pre-formed crystals (seeds) into the supersaturated solution to induce crystal growth. Seeds act as templates for crystal growth, accelerating the process and ensuring the formation of crystals with desired properties. Seed crystallization allows for better control over crystal size, shape, and purity. The seed crystals can be generated from the same compound or similar compounds, and their introduction helps in obtaining a uniform and reproducible crystal product.",https://bitesizebio.com/wp-content/uploads/2022/01/Figure-4-web.jpg 
Solvent precipitation,"In this method, the solvent conditions are altered to induce precipitation. Organic solvents such as ethanol or acetone are commonly used. By adding these solvents to the solution, the polarity and composition of the solvent are changed, leading to a decrease in the solubility of the biomolecules. As a result, the biomolecules undergo precipitation and can be separated from the solvent. Care should be taken to optimize the solvent concentration and conditions to maximize precipitation efficiency while minimizing potential denaturation or damage to the biomolecules.",https://ars.els-cdn.com/content/image/1-s2.0-S0065242319301052-f03-01-9780128211670.jpg 
Spray drying,"Spray drying is a rapid drying technique that involves atomizing a liquid or slurry into small droplets, which are then dried in a hot airstream. The droplets quickly lose moisture, resulting in the formation of dry particles. Spray drying is widely used in the food, pharmaceutical, and chemical industries to produce powders, granules, and microencapsulated products. It is suitable for heat-sensitive materials and enables the production of free-flowing powders with controlled particle size and morphology.",https://www.freund-vector.com/wp-content/uploads/2021/03/Spray-Drying-Diagram_Open-Loop-VSD200-1-1024x613.png 
Sterile Filtration,"Sterile filtration is a critical application in bioprocessing to remove microorganisms and ensure the sterility of the final product. Membrane filters with pore sizes of 0.2 ?m or smaller are commonly used for sterile filtration. Sterile filtration can be applied to both liquids and gases, preventing microbial contamination during downstream processing or packaging.",https://www.researchgate.net/publication/350618772/figure/fig1/AS:1009463242797056@1617686200185/Schematic-representation-of-the-sterile-filtration-method-Contaminating-agents-such-as.ppm  
Tangential Flow Filtration (TFF),"Tangential flow filtration, also known as crossflow filtration, is a technique that allows continuous separation and concentration of particles and solutes. TFF utilizes a porous membrane through which the feed solution flows tangentially, creating a crossflow that sweeps away retained particles from the membrane surface. The retained particles concentrate on the membrane surface while the permeate, containing smaller molecules, passes through the membrane. TFF is particularly useful for concentration and purification of large volumes of solutions while minimizing membrane fouling.",https://i0.wp.com/www.rocker.com.tw/wp-content/uploads/2022/11/%E5%AE%98%E7%B6%B2%E6%87%89%E7%94%A8%E5%9C%96%E7%A4%BA-TFF_01_En.jpg 
Ultracentrifugation,"Ultracentrifugation is a technique that involves high-speed centrifugation to achieve the separation of particles or components based on their size, shape, and density. Ultracentrifuges operate at very high speeds, typically in the range of 50,000 to 150,000 revolutions per minute (rpm). There are two main types of ultracentrifugation: 1. Analytical Ultracentrifugation (AUC): AUC is used to analyze the sedimentation behavior of particles in a sample, providing information about their size, shape, and molecular weight. 2. Preparative Ultracentrifugation: Preparative ultracentrifugation is employed for large-scale separation and purification of biological components, such as proteins, subcellular organelles, or viruses. Ultracentrifugation can generate very high centrifugal forces, allowing the separation of particles with small density differences.",https://www.mun.ca/biology/scarr/Analytical_ultracentrifugation.jpg 
Vaccum drying,"Vacuum drying involves applying reduced pressure to facilitate moisture removal. By reducing the pressure, the boiling point of water is lowered, allowing it to evaporate at lower temperatures. Vacuum drying helps to minimize heat exposure, making it suitable for heat-sensitive materials. It is commonly used in pharmaceutical and food industries for preserving the quality of sensitive products.",https://www.satovac.co.jp/en/img/seminar/semi_zu03.gif 
